user_id,age,gender,location,preferred_languages,registration_date,total_watch_time,avg_watch_per_day,embedding_vector
U0000,56,M,Kolkata,['Kannada'],2023-08-29 02:06:31.582371,4951.13,24.51,[]
U0001,46,F,Chennai,['Hindi'],2023-02-13 02:06:31.582395,730.24,3.95,[]
U0002,32,M,Bangalore,['Hindi'],2022-10-22 02:06:31.582403,1885.49,13.56,[]
U0003,60,F,Kolkata,['Kannada'],2023-11-16 02:06:31.582407,5090.27,17.08,[]
U0004,25,F,Delhi,['Tamil'],2023-03-19 02:06:31.582410,209.29,0.68,[]
U0005,38,F,Hyderabad,['English'],2024-01-11 02:06:31.582414,1470.09,14.27,[]
U0006,56,F,Bangalore,['English'],2024-01-30 02:06:31.582416,5728.41,24.27,[]
U0007,36,M,Bangalore,['English'],2024-02-29 02:06:31.582419,1552.03,5.04,[]
U0008,40,M,Chennai,['Kannada'],2023-01-26 02:06:31.582421,242.38,0.68,[]
U0009,28,Other,Bangalore,['Hindi'],2023-05-03 02:06:31.582424,2346.16,10.07,[]
U0010,28,F,Delhi,['Kannada'],2023-09-22 02:06:31.582426,5935.91,31.24,[]
U0011,41,Other,Delhi,['Kannada'],2024-08-19 02:06:31.582428,2676.88,46.96,[]
U0012,53,M,Mumbai,"['Hindi', 'English']",2024-06-24 02:06:31.582431,769.63,2.69,[]
U0013,57,F,Delhi,['Hindi'],2022-12-30 02:06:31.582433,1454.69,7.5,[]
U0014,41,Other,Kolkata,"['Hindi', 'English']",2024-09-11 02:06:31.582436,1794.18,19.5,[]
U0015,20,M,Bangalore,['Telugu'],2023-01-21 02:06:31.582438,2597.27,50.93,[]
U0016,39,M,Delhi,['Hindi'],2022-10-06 02:06:31.582441,4273.25,43.16,[]
U0017,19,F,Chennai,['Hindi'],2025-02-21 02:06:31.582443,312.33,2.5,[]
U0018,41,F,Mumbai,['Hindi'],2024-08-08 02:06:31.582446,6612.35,34.44,[]
U0019,61,F,Bangalore,['English'],2022-11-30 02:06:31.582448,37.16,0.34,[]
U0020,47,M,Mumbai,['English'],2024-02-14 02:06:31.582451,1386.36,40.78,[]
U0021,55,F,Bangalore,"['Hindi', 'English']",2024-09-13 02:06:31.582453,83.41,0.24,[]
U0022,19,M,Chennai,"['Hindi', 'English']",2023-04-13 02:06:31.582455,1497.55,10.05,[]
U0023,38,M,Mumbai,['Hindi'],2024-01-31 02:06:31.582458,2238.46,6.76,[]
U0024,50,M,Hyderabad,"['Hindi', 'English']",2023-10-15 02:06:31.582460,2150.36,10.39,[]
U0025,29,F,Kolkata,['English'],2023-09-04 02:06:31.582462,543.23,2.65,[]
U0026,39,F,Kolkata,['Kannada'],2023-07-06 02:06:31.582465,3113.18,12.66,[]
U0027,61,F,Bangalore,['Kannada'],2024-04-27 02:06:31.582467,137.44,1.62,[]
U0028,42,M,Hyderabad,['Kannada'],2024-06-10 02:06:31.582470,4305.28,19.93,[]
U0029,44,F,Mumbai,"['Hindi', 'English']",2025-04-21 02:06:31.582472,8792.33,33.69,[]
U0030,59,M,Hyderabad,['Telugu'],2023-12-31 02:06:31.582474,1245.5,4.39,[]
U0031,45,F,Hyderabad,['English'],2022-12-31 02:06:31.582476,2184.7,16.43,[]
U0032,33,M,Mumbai,['Telugu'],2024-06-22 02:06:31.582479,1428.84,13.48,[]
U0033,32,M,Chennai,"['Hindi', 'English']",2024-11-15 02:06:31.582481,20.2,0.08,[]
U0034,64,F,Hyderabad,['Tamil'],2024-01-07 02:06:31.582484,1462.67,5.1,[]
U0035,61,M,Hyderabad,['Malayalam'],2024-10-15 02:06:31.582499,4706.62,16.06,[]
U0036,20,F,Chennai,['Malayalam'],2024-05-22 02:06:31.582502,2718.94,7.55,[]
U0037,54,F,Hyderabad,['Hindi'],2023-02-24 02:06:31.582504,320.28,1.52,[]
U0038,24,M,Hyderabad,['Malayalam'],2024-08-29 02:06:31.582506,5634.69,19.77,[]
U0039,38,F,Hyderabad,['Malayalam'],2024-06-06 02:06:31.582509,2272.0,33.91,[]
U0040,26,M,Kolkata,['English'],2024-08-07 02:06:31.582511,5530.23,26.98,[]
U0041,56,F,Delhi,['Kannada'],2022-12-01 02:06:31.582513,2604.08,46.5,[]
U0042,35,Other,Chennai,['Telugu'],2023-09-18 02:06:31.582516,2460.82,8.07,[]
U0043,21,F,Hyderabad,['Tamil'],2023-06-02 02:06:31.582518,333.66,1.97,[]
U0044,42,M,Kolkata,['Tamil'],2022-12-01 02:06:31.582520,549.46,1.68,[]
U0045,31,Other,Chennai,['English'],2024-08-11 02:06:31.582522,10729.36,33.95,[]
U0046,26,F,Bangalore,['English'],2023-10-29 02:06:31.582525,778.2,6.48,[]
U0047,43,M,Bangalore,['Malayalam'],2025-05-10 02:06:31.582527,11376.34,126.4,[]
U0048,19,M,Hyderabad,['Tamil'],2023-12-08 02:06:31.582529,2277.3,11.86,[]
U0049,37,F,Kolkata,['Hindi'],2022-09-23 02:06:31.582537,437.82,2.55,[]
U0050,45,F,Kolkata,['Hindi'],2024-11-06 02:06:31.582539,313.76,1.11,[]
U0051,64,F,Chennai,['Telugu'],2025-02-22 02:06:31.582542,702.86,2.36,[]
U0052,24,F,Chennai,['Hindi'],2024-09-15 02:06:31.582544,7796.4,24.36,[]
U0053,61,F,Kolkata,['Tamil'],2023-05-14 02:06:31.582547,1604.08,7.43,[]
U0054,25,M,Chennai,['Malayalam'],2024-03-30 02:06:31.582549,1509.73,4.53,[]
U0055,64,M,Kolkata,['Tamil'],2024-01-06 02:06:31.582551,1127.16,3.52,[]
U0056,52,M,Delhi,"['Hindi', 'English']",2023-10-30 02:06:31.582553,477.2,4.15,[]
U0057,31,F,Kolkata,['Tamil'],2023-04-05 02:06:31.582556,2007.42,10.29,[]
U0058,34,M,Bangalore,['Malayalam'],2024-09-16 02:06:31.582558,417.95,2.92,[]
U0059,53,F,Chennai,['Hindi'],2023-06-13 02:06:31.582561,5414.17,25.54,[]
U0060,57,F,Kolkata,['Kannada'],2024-01-19 02:06:31.582563,1388.0,5.88,[]
U0061,21,F,Kolkata,['Telugu'],2023-07-29 02:06:31.582565,1409.07,4.94,[]
U0062,19,M,Chennai,"['Hindi', 'English']",2023-05-23 02:06:31.582568,1927.4,7.3,[]
U0063,23,F,Delhi,['Hindi'],2024-01-04 02:06:31.582570,1761.65,55.05,[]
U0064,59,M,Delhi,['Telugu'],2024-02-17 02:06:31.582572,15810.92,66.71,[]
U0065,21,F,Chennai,['Hindi'],2023-03-01 02:06:31.582575,2364.89,10.46,[]
U0066,46,M,Mumbai,"['Hindi', 'English']",2025-05-03 02:06:31.582578,277.01,1.8,[]
U0067,35,M,Chennai,['Tamil'],2025-02-14 02:06:31.582580,2800.9,16.77,[]
U0068,43,F,Chennai,['Malayalam'],2024-07-23 02:06:31.582582,493.15,9.13,[]
U0069,61,M,Delhi,['Kannada'],2024-10-06 02:06:31.582585,94.28,0.97,[]
U0070,51,M,Delhi,"['Hindi', 'English']",2024-04-01 02:06:31.582587,10594.82,117.72,[]
U0071,27,F,Chennai,['Malayalam'],2023-06-12 02:06:31.582589,4455.55,76.82,[]
U0072,53,F,Chennai,['Tamil'],2024-09-13 02:06:31.582592,11752.46,244.84,[]
U0073,31,F,Chennai,"['Hindi', 'English']",2024-07-11 02:06:31.582594,1949.56,9.75,[]
U0074,48,F,Delhi,['English'],2023-07-11 02:06:31.582596,2279.51,22.13,[]
U0075,32,F,Chennai,['Kannada'],2023-10-03 02:06:31.582599,552.98,6.14,[]
U0076,25,M,Chennai,['Hindi'],2024-05-08 02:06:31.582601,850.7,4.67,[]
U0077,31,M,Hyderabad,['Hindi'],2024-01-22 02:06:31.582604,5470.66,17.94,[]
U0078,40,M,Mumbai,['Kannada'],2023-11-01 02:06:31.582606,1321.03,17.16,[]
U0079,57,Other,Bangalore,['English'],2023-11-24 02:06:31.582609,5260.18,21.92,[]
U0080,38,F,Mumbai,['Malayalam'],2024-06-02 02:06:31.582611,3703.44,22.04,[]
U0081,33,M,Hyderabad,['Tamil'],2024-03-11 02:06:31.582613,585.02,4.21,[]
U0082,62,F,Bangalore,['Hindi'],2023-04-18 02:06:31.582615,2124.46,10.02,[]
U0083,35,Other,Chennai,['Malayalam'],2023-11-04 02:06:31.582618,3393.91,59.54,[]
U0084,64,M,Hyderabad,['English'],2024-06-16 02:06:31.582620,803.78,3.56,[]
U0085,41,F,Chennai,['Malayalam'],2024-05-25 02:06:31.582623,5328.05,24.22,[]
U0086,43,F,Delhi,['Hindi'],2023-06-01 02:06:31.582625,2361.24,6.86,[]
U0087,42,F,Kolkata,['Telugu'],2024-02-11 02:06:31.582627,541.84,6.77,[]
U0088,62,M,Hyderabad,['Tamil'],2024-08-16 02:06:31.582630,2623.9,14.74,[]
U0089,58,F,Delhi,['Telugu'],2024-07-11 02:06:31.582632,24476.5,82.41,[]
U0090,46,Other,Hyderabad,['Kannada'],2024-09-05 02:06:31.582634,489.4,6.19,[]
U0091,32,F,Hyderabad,['Malayalam'],2024-09-26 02:06:31.582636,5090.83,18.51,[]
U0092,62,F,Delhi,['Tamil'],2025-01-17 02:06:31.582639,696.97,4.91,[]
U0093,18,Other,Bangalore,['English'],2023-05-13 02:06:31.582641,4575.13,22.99,[]
U0094,42,F,Mumbai,['Tamil'],2024-11-04 02:06:31.582644,3979.3,20.41,[]
U0095,24,M,Chennai,['Tamil'],2024-07-01 02:06:31.582646,1072.12,24.93,[]
U0096,26,F,Hyderabad,['English'],2025-01-18 02:06:31.582648,1182.79,5.1,[]
U0097,41,F,Chennai,['Kannada'],2023-04-21 02:06:31.582651,4718.18,14.88,[]
U0098,18,M,Kolkata,['Tamil'],2023-11-19 02:06:31.582653,1856.6,8.52,[]
U0099,61,F,Delhi,['Kannada'],2023-04-01 02:06:31.582657,3937.1,21.4,[]
U0100,25,Other,Chennai,['Kannada'],2023-06-14 02:06:31.582659,480.45,5.72,[]
U0101,41,Other,Delhi,['Kannada'],2024-11-12 02:06:31.582662,5742.96,27.22,[]
U0102,28,F,Chennai,['Hindi'],2024-11-05 02:06:31.582664,3722.79,15.58,[]
U0103,34,M,Mumbai,"['Hindi', 'English']",2024-10-11 02:06:31.582666,7123.62,68.5,[]
U0104,25,Other,Mumbai,['Kannada'],2023-04-25 02:06:31.582668,425.98,1.39,[]
U0105,52,F,Mumbai,['English'],2024-01-11 02:06:31.582671,2696.93,16.65,[]
U0106,52,M,Mumbai,"['Hindi', 'English']",2024-08-10 02:06:31.582673,2742.28,31.16,[]
U0107,50,Other,Mumbai,['Kannada'],2023-05-10 02:06:31.582675,1308.36,6.2,[]
U0108,22,F,Mumbai,['English'],2023-09-25 02:06:31.582678,1840.05,5.26,[]
U0109,59,F,Delhi,['English'],2023-04-03 02:06:31.582681,116.16,1.25,[]
U0110,56,F,Hyderabad,['Telugu'],2023-11-30 02:06:31.582683,4109.61,11.54,[]
U0111,58,M,Chennai,['Telugu'],2023-09-17 02:06:31.582686,2391.01,8.27,[]
U0112,45,M,Mumbai,['Tamil'],2024-08-04 02:06:31.582688,178.43,0.8,[]
U0113,24,M,Delhi,['Kannada'],2025-02-07 02:06:31.582690,3425.4,19.92,[]
U0114,26,F,Delhi,['Kannada'],2023-01-19 02:06:31.582693,1886.48,14.18,[]
U0115,25,M,Delhi,"['Hindi', 'English']",2024-11-03 02:06:31.582695,105.21,0.43,[]
U0116,29,M,Hyderabad,['English'],2024-07-21 02:06:31.582697,10480.7,38.67,[]
U0117,51,M,Chennai,['Kannada'],2024-09-30 02:06:31.582700,8934.39,37.54,[]
U0118,50,F,Hyderabad,['Tamil'],2024-05-16 02:06:31.582702,2157.87,17.69,[]
U0119,40,Other,Bangalore,['Malayalam'],2024-11-18 02:06:31.582704,295.06,1.73,[]
U0120,41,M,Delhi,['Malayalam'],2024-07-15 02:06:31.582707,4214.86,29.89,[]
U0121,54,M,Bangalore,['Malayalam'],2025-05-06 02:06:31.582709,2031.41,23.08,[]
U0122,52,F,Kolkata,['Hindi'],2023-05-26 02:06:31.582711,1080.53,15.01,[]
U0123,61,F,Mumbai,['English'],2023-11-21 02:06:31.582714,2028.39,8.59,[]
U0124,57,M,Mumbai,['Malayalam'],2025-01-11 02:06:31.582716,2217.22,7.47,[]
U0125,39,F,Hyderabad,['Hindi'],2024-08-13 02:06:31.582718,2481.49,7.64,[]
U0126,44,M,Chennai,['Malayalam'],2025-04-04 02:06:31.582721,1746.02,11.88,[]
U0127,52,M,Bangalore,['Tamil'],2025-03-26 02:06:31.582723,2792.35,56.99,[]
U0128,18,F,Chennai,['Telugu'],2023-11-01 02:06:31.582726,7530.11,30.0,[]
U0129,52,M,Hyderabad,['Tamil'],2024-07-25 02:06:31.582728,1349.51,6.92,[]
U0130,54,Other,Mumbai,['Hindi'],2023-06-06 02:06:31.582731,3880.78,24.25,[]
U0131,64,M,Chennai,['English'],2022-09-27 02:06:31.582733,6745.78,36.46,[]
U0132,31,F,Chennai,"['Hindi', 'English']",2025-01-11 02:06:31.582735,1826.3,8.57,[]
U0133,20,F,Mumbai,['Kannada'],2023-08-06 02:06:31.582740,1758.03,14.77,[]
U0134,18,M,Bangalore,['Tamil'],2022-12-13 02:06:31.582742,2764.79,22.48,[]
U0135,22,F,Mumbai,['English'],2023-04-11 02:06:31.582745,2685.11,63.93,[]
U0136,43,M,Chennai,['Kannada'],2024-01-04 02:06:31.582747,4928.82,14.04,[]
U0137,31,Other,Bangalore,['Telugu'],2025-02-04 02:06:31.582749,1941.56,6.03,[]
U0138,56,M,Bangalore,['Telugu'],2022-12-09 02:06:31.582751,16658.04,64.32,[]
U0139,44,M,Mumbai,['Kannada'],2025-05-08 02:06:31.582754,183.94,0.52,[]
U0140,26,M,Chennai,['Telugu'],2023-10-11 02:06:31.582756,9.52,0.03,[]
U0141,32,Other,Hyderabad,['English'],2024-08-02 02:06:31.582758,3066.61,55.76,[]
U0142,32,F,Chennai,['Tamil'],2024-01-26 02:06:31.582761,1063.32,10.22,[]
U0143,43,F,Delhi,['English'],2024-01-16 02:06:31.582763,824.82,2.51,[]
U0144,59,M,Kolkata,['English'],2024-02-24 02:06:31.582765,1121.46,6.27,[]
U0145,30,F,Hyderabad,['Kannada'],2024-06-06 02:06:31.582768,887.33,5.01,[]
U0146,49,M,Bangalore,"['Hindi', 'English']",2024-11-13 02:06:31.582770,93.82,2.54,[]
U0147,56,F,Hyderabad,"['Hindi', 'English']",2025-03-29 02:06:31.582772,10677.03,184.09,[]
U0148,49,M,Bangalore,['Tamil'],2024-09-04 02:06:31.582775,748.25,2.3,[]
U0149,21,M,Bangalore,['Kannada'],2022-09-30 02:06:31.582777,3973.11,16.69,[]
U0150,47,M,Hyderabad,"['Hindi', 'English']",2022-12-20 02:06:31.582780,4313.98,27.48,[]
U0151,54,F,Bangalore,['Telugu'],2024-01-17 02:06:31.582782,7946.12,54.8,[]
U0152,40,F,Bangalore,"['Hindi', 'English']",2025-01-24 02:06:31.582784,93.08,0.54,[]
U0153,56,M,Delhi,['Telugu'],2023-01-30 02:06:31.582787,6168.31,17.78,[]
U0154,62,F,Chennai,['Tamil'],2025-03-15 02:06:31.582789,2247.41,8.51,[]
U0155,32,F,Chennai,['English'],2024-04-05 02:06:31.582791,3003.46,83.43,[]
U0156,60,F,Kolkata,['English'],2024-01-03 02:06:31.582794,3102.44,41.92,[]
U0157,46,M,Kolkata,"['Hindi', 'English']",2025-03-06 02:06:31.582796,5141.03,19.18,[]
U0158,53,M,Delhi,['Telugu'],2023-10-08 02:06:31.582798,1216.73,6.61,[]
U0159,30,F,Kolkata,['Hindi'],2023-08-15 02:06:31.582800,3962.1,18.87,[]
U0160,49,M,Hyderabad,['Malayalam'],2023-06-18 02:06:31.582803,2256.01,9.25,[]
U0161,24,M,Mumbai,['Hindi'],2025-03-27 02:06:31.582805,4730.83,40.43,[]
U0162,39,F,Mumbai,['Malayalam'],2024-12-16 02:06:31.582807,13983.96,49.07,[]
U0163,45,Other,Mumbai,['Hindi'],2024-12-19 02:06:31.582810,671.87,6.59,[]
U0164,19,M,Delhi,['English'],2023-02-10 02:06:31.582812,15691.21,75.44,[]
U0165,59,M,Delhi,['Kannada'],2023-10-22 02:06:31.582814,282.31,1.17,[]
U0166,62,F,Bangalore,['English'],2024-07-13 02:06:31.582816,6.96,0.02,[]
U0167,23,M,Mumbai,['Malayalam'],2025-02-22 02:06:31.582819,135.5,0.52,[]
U0168,45,M,Hyderabad,['Kannada'],2024-09-08 02:06:31.582821,1254.66,4.68,[]
U0169,45,M,Kolkata,['Telugu'],2025-01-19 02:06:31.582824,3006.41,11.93,[]
U0170,61,F,Hyderabad,"['Hindi', 'English']",2023-10-27 02:06:31.582826,214.58,1.45,[]
U0171,61,F,Kolkata,['Hindi'],2023-03-30 02:06:31.582828,17.05,0.05,[]
U0172,37,M,Mumbai,['Telugu'],2024-03-20 02:06:31.582831,8298.2,28.32,[]
U0173,47,M,Mumbai,['Telugu'],2023-09-08 02:06:31.582833,5176.68,21.94,[]
U0174,28,M,Mumbai,"['Hindi', 'English']",2023-09-18 02:06:31.582836,4969.32,40.08,[]
U0175,45,F,Delhi,['Telugu'],2023-03-03 02:06:31.582838,6473.49,25.79,[]
U0176,42,M,Kolkata,"['Hindi', 'English']",2023-08-26 02:06:31.582840,3612.26,11.84,[]
U0177,56,M,Delhi,['Tamil'],2024-10-01 02:06:31.582842,330.8,1.27,[]
U0178,50,F,Delhi,"['Hindi', 'English']",2023-03-18 02:06:31.582845,1527.98,4.52,[]
U0179,18,M,Chennai,['Malayalam'],2023-12-02 02:06:31.582847,3852.83,26.03,[]
U0180,44,F,Hyderabad,['Hindi'],2024-04-26 02:06:31.582849,986.91,3.32,[]
U0181,30,M,Hyderabad,['Kannada'],2024-02-14 02:06:31.582852,3488.55,11.55,[]
U0182,58,M,Bangalore,['Kannada'],2022-11-02 02:06:31.582854,74.41,0.8,[]
U0183,20,M,Delhi,['Hindi'],2024-02-22 02:06:31.582856,1096.44,3.35,[]
U0184,56,F,Kolkata,['Kannada'],2024-07-20 02:06:31.582858,2389.73,59.74,[]
U0185,23,F,Chennai,"['Hindi', 'English']",2022-12-22 02:06:31.582861,2999.75,23.62,[]
U0186,25,F,Chennai,['Malayalam'],2023-09-26 02:06:31.582863,2581.44,25.81,[]
U0187,44,M,Hyderabad,['Tamil'],2024-03-07 02:06:31.582865,3589.56,41.26,[]
U0188,26,F,Delhi,['Malayalam'],2024-07-12 02:06:31.582868,18.32,0.06,[]
U0189,54,M,Bangalore,['Kannada'],2023-10-16 02:06:31.582870,319.22,1.14,[]
U0190,50,M,Delhi,['Tamil'],2023-08-24 02:06:31.582872,6096.4,19.99,[]
U0191,59,F,Mumbai,['Hindi'],2025-03-20 02:06:31.582875,3434.74,43.48,[]
U0192,61,M,Delhi,['Tamil'],2023-09-04 02:06:31.582877,359.5,1.47,[]
U0193,41,M,Mumbai,['Telugu'],2023-04-24 02:06:31.582879,5536.89,68.36,[]
U0194,32,M,Mumbai,['English'],2025-02-08 02:06:31.582882,832.13,2.77,[]
U0195,49,M,Bangalore,['Telugu'],2022-09-23 02:06:31.582884,1951.76,17.27,[]
U0196,49,M,Kolkata,['Hindi'],2023-03-31 02:06:31.582887,470.65,1.46,[]
U0197,41,F,Hyderabad,['Kannada'],2024-10-20 02:06:31.582889,3714.76,23.97,[]
U0198,58,M,Delhi,['Kannada'],2023-08-19 02:06:31.582891,3297.53,10.15,[]
U0199,29,F,Mumbai,['Tamil'],2024-10-16 02:06:31.582893,711.39,7.04,[]
U0200,56,F,Delhi,"['Hindi', 'English']",2024-08-23 02:06:31.582896,5972.11,18.38,[]
U0201,19,M,Kolkata,['Malayalam'],2023-07-14 02:06:31.582899,1539.01,5.81,[]
U0202,20,M,Hyderabad,['English'],2025-02-26 02:06:31.582901,1038.12,12.21,[]
U0203,54,M,Kolkata,"['Hindi', 'English']",2024-12-11 02:06:31.582903,495.79,3.57,[]
U0204,34,F,Hyderabad,['Hindi'],2024-09-17 02:06:31.582905,928.43,4.2,[]
U0205,19,M,Chennai,['Malayalam'],2024-11-24 02:06:31.582908,66.82,0.55,[]
U0206,19,F,Hyderabad,['Kannada'],2023-11-02 02:06:31.582910,2625.86,30.89,[]
U0207,45,M,Bangalore,['Tamil'],2025-03-05 02:06:31.582912,5539.87,62.25,[]
U0208,40,F,Kolkata,['Malayalam'],2024-12-11 02:06:31.582915,2388.73,14.3,[]
U0209,54,M,Mumbai,['Kannada'],2025-05-18 02:06:31.582917,742.59,10.92,[]
U0210,49,M,Chennai,"['Hindi', 'English']",2024-03-28 02:06:31.582919,102.75,1.8,[]
U0211,50,Other,Bangalore,"['Hindi', 'English']",2024-02-14 02:06:31.582922,724.79,9.29,[]
U0212,18,F,Delhi,['English'],2023-06-15 02:06:31.582924,1614.19,10.48,[]
U0213,36,M,Kolkata,['English'],2023-09-20 02:06:31.582926,4276.5,101.82,[]
U0214,19,F,Mumbai,['Tamil'],2024-01-25 02:06:31.582929,624.18,9.6,[]
U0215,61,F,Hyderabad,['Malayalam'],2024-07-26 02:06:31.582931,3816.66,29.36,[]
U0216,43,F,Mumbai,['English'],2025-04-17 02:06:31.582933,6050.72,19.46,[]
U0217,49,F,Delhi,"['Hindi', 'English']",2024-09-25 02:06:31.582935,1815.12,15.78,[]
U0218,23,M,Chennai,['Malayalam'],2024-07-29 02:06:31.582940,5168.36,156.62,[]
U0219,49,M,Chennai,"['Hindi', 'English']",2023-05-28 02:06:31.582943,2426.73,9.63,[]
U0220,21,M,Kolkata,['Hindi'],2024-08-04 02:06:31.582945,3040.81,15.59,[]
U0221,28,F,Chennai,"['Hindi', 'English']",2023-06-01 02:06:31.582947,2241.41,7.3,[]
U0222,34,F,Kolkata,['Tamil'],2022-12-22 02:06:31.582950,1866.24,11.74,[]
U0223,55,M,Kolkata,['Telugu'],2024-02-11 02:06:31.582952,802.28,13.37,[]
U0224,41,M,Kolkata,['Hindi'],2025-03-09 02:06:31.582954,1083.74,27.09,[]
U0225,22,F,Hyderabad,['Hindi'],2023-06-17 02:06:31.582956,1027.34,3.1,[]
U0226,51,Other,Bangalore,['Tamil'],2024-09-23 02:06:31.582959,2485.45,19.88,[]
U0227,23,F,Kolkata,['Malayalam'],2022-10-17 02:06:31.582961,383.34,1.75,[]
U0228,39,M,Kolkata,['Malayalam'],2024-08-23 02:06:31.582963,7459.22,33.75,[]
U0229,28,M,Bangalore,['Tamil'],2023-03-06 02:06:31.582966,3825.92,12.97,[]
U0230,33,M,Mumbai,['English'],2023-03-02 02:06:31.582968,1539.71,9.81,[]
U0231,50,Other,Kolkata,['Hindi'],2023-08-19 02:06:31.582970,518.15,1.94,[]
U0232,26,M,Hyderabad,['English'],2023-09-25 02:06:31.582972,6411.01,45.47,[]
U0233,23,F,Chennai,"['Hindi', 'English']",2023-07-13 02:06:31.582976,5208.03,15.1,[]
U0234,33,M,Chennai,['Hindi'],2023-02-17 02:06:31.582978,3837.4,22.05,[]
U0235,46,F,Delhi,['Hindi'],2022-10-07 02:06:31.582981,950.5,10.11,[]
U0236,20,F,Delhi,['Kannada'],2024-10-30 02:06:31.582983,1544.74,5.6,[]
U0237,37,F,Chennai,['Telugu'],2024-03-11 02:06:31.582985,325.26,1.29,[]
U0238,53,M,Chennai,['Malayalam'],2025-01-23 02:06:31.582987,628.61,1.84,[]
U0239,36,M,Hyderabad,['Hindi'],2023-11-10 02:06:31.582990,4583.8,33.95,[]
U0240,43,M,Bangalore,['Malayalam'],2024-10-02 02:06:31.582992,3766.21,17.93,[]
U0241,20,Other,Delhi,"['Hindi', 'English']",2023-07-27 02:06:31.582994,2700.41,12.68,[]
U0242,36,F,Bangalore,['Malayalam'],2024-12-19 02:06:31.582996,6782.22,26.6,[]
U0243,37,F,Hyderabad,['English'],2022-11-02 02:06:31.582999,2625.93,8.93,[]
U0244,49,F,Chennai,['English'],2024-08-21 02:06:31.583001,1887.52,6.15,[]
U0245,24,F,Kolkata,['Kannada'],2023-01-25 02:06:31.583003,1248.23,10.58,[]
U0246,58,M,Bangalore,['Telugu'],2024-12-26 02:06:31.583006,8462.74,41.28,[]
U0247,50,Other,Chennai,"['Hindi', 'English']",2025-03-08 02:06:31.583008,259.01,5.51,[]
U0248,57,M,Chennai,['English'],2025-03-20 02:06:31.583011,8016.05,59.38,[]
U0249,56,M,Mumbai,['Tamil'],2024-12-02 02:06:31.583013,5258.45,17.53,[]
U0250,35,F,Bangalore,"['Hindi', 'English']",2023-03-01 02:06:31.583015,417.54,1.2,[]
U0251,57,M,Kolkata,['Malayalam'],2024-07-10 02:06:31.583017,2497.12,12.74,[]
U0252,18,M,Bangalore,"['Hindi', 'English']",2023-09-19 02:06:31.583020,6042.04,143.86,[]
U0253,28,F,Chennai,['Telugu'],2023-04-15 02:06:31.583022,2544.56,41.71,[]
U0254,45,M,Kolkata,['English'],2023-01-27 02:06:31.583024,7131.92,103.36,[]
U0255,42,F,Hyderabad,"['Hindi', 'English']",2023-10-16 02:06:31.583027,8593.26,48.55,[]
U0256,40,M,Mumbai,['Malayalam'],2022-10-20 02:06:31.583029,1646.54,6.67,[]
U0257,48,M,Chennai,['Kannada'],2024-07-29 02:06:31.583031,1421.14,5.73,[]
U0258,47,M,Delhi,['Kannada'],2024-02-26 02:06:31.583034,8261.71,74.43,[]
U0259,59,M,Delhi,['English'],2025-01-13 02:06:31.583036,3373.08,9.32,[]
U0260,52,F,Mumbai,['Kannada'],2024-01-27 02:06:31.583039,369.97,1.56,[]
U0261,24,M,Hyderabad,['Tamil'],2023-06-15 02:06:31.583041,129.64,0.56,[]
U0262,33,F,Chennai,['Telugu'],2024-07-13 02:06:31.583043,2494.67,6.91,[]
U0263,43,F,Bangalore,['Kannada'],2023-06-04 02:06:31.583046,7985.12,119.18,[]
U0264,19,F,Mumbai,['Kannada'],2024-04-03 02:06:31.583048,5578.48,23.24,[]
U0265,18,Other,Hyderabad,['Tamil'],2022-09-28 02:06:31.583050,3379.63,9.49,[]
U0266,29,F,Bangalore,['Telugu'],2024-08-15 02:06:31.583064,449.39,1.62,[]
U0267,22,M,Delhi,"['Hindi', 'English']",2023-12-25 02:06:31.583067,880.02,3.44,[]
U0268,54,M,Delhi,['Telugu'],2023-11-15 02:06:31.583069,6250.62,81.18,[]
U0269,49,M,Bangalore,['Hindi'],2024-01-01 02:06:31.583072,605.64,12.89,[]
U0270,26,F,Mumbai,['English'],2024-02-27 02:06:31.583075,979.02,3.02,[]
U0271,58,M,Delhi,['English'],2025-02-27 02:06:31.583077,416.41,1.85,[]
U0272,52,F,Chennai,['Hindi'],2023-09-16 02:06:31.583079,3382.04,15.66,[]
U0273,36,F,Kolkata,['Tamil'],2025-04-10 02:06:31.583082,8646.26,34.17,[]
U0274,33,M,Bangalore,['Hindi'],2022-11-22 02:06:31.583084,939.89,2.71,[]
U0275,20,F,Bangalore,"['Hindi', 'English']",2024-03-04 02:06:31.583086,1935.4,7.5,[]
U0276,37,M,Delhi,"['Hindi', 'English']",2023-04-29 02:06:31.583089,3018.15,28.47,[]
U0277,41,M,Mumbai,['English'],2024-06-24 02:06:31.583091,22606.74,104.18,[]
U0278,50,F,Chennai,"['Hindi', 'English']",2023-09-10 02:06:31.583093,332.15,1.11,[]
U0279,41,F,Mumbai,['English'],2024-09-06 02:06:31.583095,2070.88,16.7,[]
U0280,28,F,Hyderabad,['Hindi'],2025-04-24 02:06:31.583098,1458.99,4.3,[]
U0281,25,M,Hyderabad,['Hindi'],2025-02-16 02:06:31.583100,6025.72,37.43,[]
U0282,53,M,Kolkata,['Kannada'],2024-09-28 02:06:31.583103,1938.61,28.51,[]
U0283,55,F,Delhi,['Kannada'],2023-06-30 02:06:31.583105,352.9,3.49,[]
U0284,57,F,Delhi,['Hindi'],2023-01-15 02:06:31.583108,3018.84,9.74,[]
U0285,37,F,Delhi,['English'],2022-12-21 02:06:31.583110,4419.23,12.21,[]
U0286,52,M,Kolkata,['Hindi'],2023-10-09 02:06:31.583112,8.66,0.05,[]
U0287,42,F,Hyderabad,['Hindi'],2023-09-27 02:06:31.583115,5876.06,27.2,[]
U0288,52,M,Mumbai,['Malayalam'],2025-04-29 02:06:31.583117,617.47,2.81,[]
U0289,42,M,Kolkata,['Tamil'],2023-03-29 02:06:31.583120,2409.35,16.17,[]
U0290,46,Other,Kolkata,['Hindi'],2023-07-02 02:06:31.583122,1612.52,6.48,[]
U0291,35,M,Mumbai,"['Hindi', 'English']",2023-01-30 02:06:31.583125,3815.19,46.53,[]
U0292,63,Other,Delhi,['English'],2024-08-18 02:06:31.583127,1391.64,5.54,[]
U0293,35,M,Chennai,['Tamil'],2023-10-08 02:06:31.583129,6115.2,38.22,[]
U0294,19,M,Mumbai,['Kannada'],2025-04-09 02:06:31.583131,3933.52,14.79,[]
U0295,52,F,Hyderabad,['Telugu'],2023-03-31 02:06:31.583134,3129.93,11.38,[]
U0296,33,F,Bangalore,['English'],2023-04-07 02:06:31.583136,4772.45,18.72,[]
U0297,58,F,Bangalore,"['Hindi', 'English']",2024-11-22 02:06:31.583138,4207.55,17.75,[]
U0298,53,F,Kolkata,['English'],2024-01-25 02:06:31.583141,109.8,0.88,[]
U0299,50,F,Bangalore,['Kannada'],2023-12-06 02:06:31.583143,1506.26,6.58,[]
U0300,21,F,Chennai,"['Hindi', 'English']",2023-07-23 02:06:31.583145,8012.58,29.03,[]
U0301,50,F,Delhi,"['Hindi', 'English']",2024-02-23 02:06:31.583148,403.08,3.99,[]
U0302,31,M,Hyderabad,['Telugu'],2022-10-25 02:06:31.583150,4007.91,11.55,[]
U0303,38,F,Chennai,['English'],2024-08-09 02:06:31.583155,11018.05,51.49,[]
U0304,37,M,Hyderabad,['Malayalam'],2024-11-16 02:06:31.583157,160.83,4.6,[]
U0305,25,Other,Hyderabad,['Telugu'],2023-09-29 02:06:31.583160,3438.94,14.63,[]
U0306,24,Other,Delhi,['Malayalam'],2024-02-29 02:06:31.583162,1894.2,31.05,[]
U0307,20,M,Kolkata,['Telugu'],2023-08-09 02:06:31.583165,2596.62,20.29,[]
U0308,34,F,Bangalore,['English'],2023-02-07 02:06:31.583167,267.61,0.94,[]
U0309,50,Other,Delhi,['Hindi'],2024-01-03 02:06:31.583170,131.88,0.61,[]
U0310,29,M,Chennai,['Hindi'],2025-02-16 02:06:31.583172,3297.64,31.41,[]
U0311,39,F,Kolkata,['Kannada'],2024-01-25 02:06:31.583175,5200.07,25.24,[]
U0312,39,Other,Chennai,['Telugu'],2024-05-29 02:06:31.583177,4569.99,13.28,[]
U0313,63,M,Kolkata,['Tamil'],2024-03-28 02:06:31.583179,2354.51,7.45,[]
U0314,47,F,Chennai,['Telugu'],2024-06-13 02:06:31.583182,315.64,1.11,[]
U0315,55,M,Delhi,['Telugu'],2024-06-26 02:06:31.583184,3494.68,9.87,[]
U0316,55,Other,Kolkata,['Telugu'],2023-07-04 02:06:31.583187,830.78,3.79,[]
U0317,62,Other,Kolkata,['Malayalam'],2025-02-02 02:06:31.583189,7259.67,21.54,[]
U0318,25,Other,Hyderabad,['Kannada'],2022-12-24 02:06:31.583191,5465.39,35.03,[]
U0319,44,F,Hyderabad,['Hindi'],2024-12-07 02:06:31.583194,3707.25,11.73,[]
U0320,44,F,Mumbai,['Kannada'],2024-06-17 02:06:31.583196,8918.74,31.51,[]
U0321,51,F,Chennai,['Kannada'],2024-03-25 02:06:31.583198,95.78,0.4,[]
U0322,38,M,Hyderabad,['Kannada'],2023-06-10 02:06:31.583201,3997.7,14.33,[]
U0323,47,F,Mumbai,['Hindi'],2023-12-30 02:06:31.583203,1202.52,10.64,[]
U0324,50,M,Hyderabad,['Hindi'],2024-07-29 02:06:31.583205,7095.48,168.94,[]
U0325,45,F,Chennai,['Telugu'],2023-07-12 02:06:31.583208,930.5,12.57,[]
U0326,64,M,Kolkata,['Kannada'],2022-09-26 02:06:31.583210,3871.39,24.82,[]
U0327,50,M,Bangalore,['Tamil'],2024-04-05 02:06:31.583212,6302.54,44.07,[]
U0328,22,M,Chennai,['Malayalam'],2023-02-07 02:06:31.583215,127.65,0.42,[]
U0329,36,F,Delhi,['Malayalam'],2023-04-03 02:06:31.583217,1520.74,6.5,[]
U0330,21,M,Hyderabad,['Hindi'],2023-11-04 02:06:31.583219,4310.35,14.27,[]
U0331,52,F,Hyderabad,['English'],2025-04-13 02:06:31.583222,1820.46,20.92,[]
U0332,34,M,Kolkata,['English'],2024-02-10 02:06:31.583224,932.86,2.61,[]
U0333,61,M,Delhi,['English'],2025-02-19 02:06:31.583226,744.64,3.0,[]
U0334,45,F,Kolkata,"['Hindi', 'English']",2024-07-02 02:06:31.583229,423.03,3.07,[]
U0335,47,F,Delhi,['Telugu'],2024-09-04 02:06:31.583231,5837.45,18.95,[]
U0336,46,M,Bangalore,['English'],2024-06-23 02:06:31.583233,2569.51,12.66,[]
U0337,63,F,Hyderabad,['Telugu'],2025-01-22 02:06:31.583236,238.38,0.67,[]
U0338,23,F,Hyderabad,['English'],2023-03-21 02:06:31.583238,1446.62,4.94,[]
U0339,52,F,Bangalore,['Tamil'],2024-04-02 02:06:31.583241,1375.33,4.0,[]
U0340,58,M,Mumbai,['Telugu'],2022-12-17 02:06:31.583243,601.72,4.3,[]
U0341,54,M,Kolkata,['English'],2023-12-11 02:06:31.583265,1715.49,7.94,[]
U0342,41,F,Bangalore,['Malayalam'],2023-01-27 02:06:31.583268,1210.85,4.06,[]
U0343,46,M,Kolkata,['Hindi'],2025-05-19 02:06:31.583270,1254.76,4.86,[]
U0344,63,F,Chennai,['Telugu'],2023-07-17 02:06:31.583272,4030.01,21.78,[]
U0345,48,F,Hyderabad,['Malayalam'],2022-12-12 02:06:31.583275,757.96,3.48,[]
U0346,52,Other,Kolkata,['Malayalam'],2023-11-12 02:06:31.583277,3080.49,10.23,[]
U0347,50,F,Delhi,['Malayalam'],2024-02-02 02:06:31.583279,2536.45,81.82,[]
U0348,38,Other,Kolkata,"['Hindi', 'English']",2024-03-23 02:06:31.583282,2518.63,9.16,[]
U0349,49,M,Chennai,['Hindi'],2025-03-26 02:06:31.583284,3263.08,13.65,[]
U0350,40,F,Hyderabad,['Hindi'],2024-11-09 02:06:31.583286,2384.76,7.57,[]
U0351,50,M,Bangalore,['Kannada'],2023-12-07 02:06:31.583289,6342.23,151.01,[]
U0352,20,F,Chennai,"['Hindi', 'English']",2024-05-15 02:06:31.583291,3377.15,27.02,[]
U0353,35,F,Hyderabad,['Malayalam'],2023-08-22 02:06:31.583294,2375.35,9.5,[]
U0354,42,F,Kolkata,['Hindi'],2023-04-07 02:06:31.583297,5311.69,19.89,[]
U0355,59,Other,Mumbai,['Hindi'],2023-12-27 02:06:31.583299,2795.33,22.73,[]
U0356,48,F,Mumbai,['Malayalam'],2023-08-19 02:06:31.583301,1032.31,3.46,[]
U0357,20,M,Delhi,['Malayalam'],2024-02-23 02:06:31.583304,696.16,3.48,[]
U0358,57,M,Hyderabad,['English'],2023-04-03 02:06:31.583306,495.78,4.03,[]
U0359,63,F,Mumbai,['English'],2025-03-29 02:06:31.583308,6891.46,38.72,[]
U0360,41,M,Bangalore,['Telugu'],2024-10-24 02:06:31.583311,3715.02,26.35,[]
U0361,49,M,Hyderabad,['Telugu'],2024-08-20 02:06:31.583313,8311.94,98.95,[]
U0362,64,M,Bangalore,['Telugu'],2023-11-05 02:06:31.583315,2773.66,19.13,[]
U0363,39,M,Bangalore,['English'],2025-01-06 02:06:31.583318,1923.95,11.19,[]
U0364,40,M,Mumbai,['Malayalam'],2022-10-14 02:06:31.583320,184.72,0.8,[]
U0365,19,M,Hyderabad,['Telugu'],2024-07-30 02:06:31.583322,3340.95,15.99,[]
U0366,44,M,Kolkata,['Hindi'],2024-02-27 02:06:31.583325,2618.32,11.33,[]
U0367,59,M,Chennai,['English'],2022-12-01 02:06:31.583327,13878.84,169.25,[]
U0368,19,Other,Mumbai,['Telugu'],2023-06-05 02:06:31.583329,819.99,3.92,[]
U0369,43,M,Mumbai,['Hindi'],2024-01-10 02:06:31.583332,2269.78,6.64,[]
U0370,34,M,Kolkata,['Telugu'],2025-01-16 02:06:31.583334,3157.68,9.37,[]
U0371,57,F,Hyderabad,['Tamil'],2025-04-21 02:06:31.583336,3103.46,18.7,[]
U0372,50,M,Hyderabad,['Malayalam'],2023-08-14 02:06:31.583339,2471.77,11.71,[]
U0373,26,Other,Bangalore,['Malayalam'],2023-09-05 02:06:31.583341,4500.78,150.03,[]
U0374,60,F,Kolkata,['Telugu'],2023-02-22 02:06:31.583343,688.17,9.43,[]
U0375,56,M,Kolkata,['Tamil'],2024-09-17 02:06:31.583346,3879.8,15.16,[]
U0376,46,M,Hyderabad,['Telugu'],2023-05-25 02:06:31.583348,2900.66,8.06,[]
U0377,59,F,Bangalore,['Kannada'],2024-12-09 02:06:31.583351,6792.26,53.48,[]
U0378,43,Other,Mumbai,['Kannada'],2024-07-06 02:06:31.583353,5635.77,23.78,[]
U0379,52,F,Delhi,['Malayalam'],2023-11-03 02:06:31.583355,1135.65,3.86,[]
U0380,42,F,Chennai,"['Hindi', 'English']",2025-05-06 02:06:31.583358,969.88,3.06,[]
U0381,41,M,Mumbai,['Kannada'],2023-11-02 02:06:31.583360,11994.92,39.98,[]
U0382,30,Other,Hyderabad,['Kannada'],2024-03-29 02:06:31.583362,2247.66,13.3,[]
U0383,24,M,Chennai,['Telugu'],2025-02-14 02:06:31.583365,7106.85,26.72,[]
U0384,53,Other,Delhi,['English'],2024-10-02 02:06:31.583367,536.95,5.32,[]
U0385,62,F,Delhi,['English'],2023-01-10 02:06:31.583369,3088.54,16.79,[]
U0386,37,F,Bangalore,['Tamil'],2022-10-29 02:06:31.583372,4979.99,22.74,[]
U0387,18,F,Chennai,['English'],2025-01-24 02:06:31.583374,8834.85,29.75,[]
U0388,25,M,Bangalore,['Hindi'],2024-02-03 02:06:31.583377,1234.48,3.53,[]
U0389,63,M,Mumbai,"['Hindi', 'English']",2022-09-24 02:06:31.583382,3872.75,28.48,[]
U0390,33,M,Kolkata,['Kannada'],2025-01-20 02:06:31.583384,2321.86,8.9,[]
U0391,31,M,Kolkata,"['Hindi', 'English']",2023-07-27 02:06:31.583387,187.63,2.64,[]
U0392,29,F,Kolkata,['Hindi'],2023-01-19 02:06:31.583389,3513.55,16.04,[]
U0393,40,M,Chennai,['Kannada'],2024-12-14 02:06:31.583392,3514.48,20.92,[]
U0394,32,M,Kolkata,['Tamil'],2023-12-27 02:06:31.583394,8003.9,60.64,[]
U0395,45,Other,Mumbai,['Hindi'],2022-10-08 02:06:31.583396,2063.36,10.32,[]
U0396,51,F,Bangalore,['Hindi'],2023-05-18 02:06:31.583398,785.07,2.6,[]
U0397,19,Other,Chennai,"['Hindi', 'English']",2024-07-26 02:06:31.583401,136.76,0.55,[]
U0398,49,Other,Bangalore,['Telugu'],2023-12-16 02:06:31.583403,1611.73,6.66,[]
U0399,40,M,Chennai,"['Hindi', 'English']",2023-05-29 02:06:31.583405,1078.25,12.69,[]
U0400,39,M,Bangalore,['Malayalam'],2024-08-14 02:06:31.583408,4294.98,32.79,[]
U0401,42,F,Delhi,"['Hindi', 'English']",2024-03-21 02:06:31.583411,1312.11,5.94,[]
U0402,39,F,Bangalore,['English'],2023-01-17 02:06:31.583413,8931.98,26.35,[]
U0403,39,M,Kolkata,['Hindi'],2024-01-12 02:06:31.583416,9835.1,42.95,[]
U0404,59,F,Delhi,"['Hindi', 'English']",2024-01-23 02:06:31.583418,2909.93,11.11,[]
U0405,23,M,Bangalore,['Hindi'],2024-09-13 02:06:31.583420,7920.91,30.94,[]
U0406,32,M,Chennai,['Malayalam'],2024-02-08 02:06:31.583423,4292.05,25.55,[]
U0407,60,F,Chennai,['English'],2023-11-03 02:06:31.583425,2374.66,7.11,[]
U0408,54,F,Chennai,['Hindi'],2024-12-23 02:06:31.583427,596.48,3.35,[]
U0409,50,F,Hyderabad,"['Hindi', 'English']",2024-04-23 02:06:31.583430,1840.78,12.78,[]
U0410,25,M,Mumbai,['Hindi'],2024-11-06 02:06:31.583432,2468.91,26.84,[]
U0411,61,F,Chennai,['Kannada'],2022-10-20 02:06:31.583434,5984.45,45.0,[]
U0412,61,M,Delhi,['Malayalam'],2023-09-15 02:06:31.583437,1969.48,10.65,[]
U0413,22,M,Chennai,['English'],2023-12-17 02:06:31.583439,6838.79,22.64,[]
U0414,56,F,Hyderabad,['Telugu'],2023-04-17 02:06:31.583441,3365.79,96.17,[]
U0415,21,Other,Kolkata,['Hindi'],2022-12-02 02:06:31.583444,442.02,2.51,[]
U0416,23,F,Delhi,"['Hindi', 'English']",2025-01-01 02:06:31.583446,15883.79,74.57,[]
U0417,62,F,Hyderabad,['English'],2022-12-18 02:06:31.583448,2247.46,39.43,[]
U0418,49,F,Kolkata,"['Hindi', 'English']",2025-03-10 02:06:31.583451,1492.04,22.27,[]
U0419,47,F,Delhi,"['Hindi', 'English']",2024-08-11 02:06:31.583453,3228.62,21.82,[]
U0420,64,M,Bangalore,['Hindi'],2023-03-21 02:06:31.583455,345.87,1.07,[]
U0421,52,M,Mumbai,"['Hindi', 'English']",2023-03-04 02:06:31.583458,3036.25,11.12,[]
U0422,57,M,Mumbai,['Hindi'],2022-12-28 02:06:31.583460,2068.88,21.33,[]
U0423,33,M,Hyderabad,['Telugu'],2024-03-22 02:06:31.583462,1566.03,6.44,[]
U0424,30,F,Kolkata,['Kannada'],2024-06-06 02:06:31.583464,9174.1,37.14,[]
U0425,59,F,Mumbai,"['Hindi', 'English']",2022-10-07 02:06:31.583467,2217.82,10.77,[]
U0426,47,M,Kolkata,"['Hindi', 'English']",2023-03-06 02:06:31.583469,741.99,2.26,[]
U0427,36,M,Kolkata,"['Hindi', 'English']",2023-12-18 02:06:31.583471,1842.81,9.55,[]
U0428,34,F,Hyderabad,['Tamil'],2024-08-20 02:06:31.583474,7554.3,86.83,[]
U0429,36,M,Hyderabad,['Tamil'],2023-01-31 02:06:31.583476,581.1,1.95,[]
U0430,45,F,Hyderabad,['English'],2025-05-18 02:06:31.583478,722.23,2.14,[]
U0431,43,F,Mumbai,['Kannada'],2024-08-04 02:06:31.583481,39.35,0.45,[]
U0432,54,F,Hyderabad,['Kannada'],2023-05-08 02:06:31.583483,42.88,0.14,[]
U0433,43,F,Mumbai,['Tamil'],2024-07-19 02:06:31.583485,5305.15,39.59,[]
U0434,40,F,Hyderabad,['English'],2023-01-14 02:06:31.583488,3951.68,15.38,[]
U0435,26,M,Chennai,['Tamil'],2023-09-27 02:06:31.583490,1315.71,4.77,[]
U0436,29,F,Kolkata,['Telugu'],2023-10-05 02:06:31.583492,3595.08,16.57,[]
U0437,18,F,Hyderabad,['English'],2023-07-15 02:06:31.583494,1508.6,13.47,[]
U0438,18,M,Delhi,['Kannada'],2024-01-05 02:06:31.583497,9166.24,42.63,[]
U0439,64,F,Kolkata,['Kannada'],2022-12-16 02:06:31.583499,10238.54,36.44,[]
U0440,51,F,Kolkata,['Tamil'],2024-12-19 02:06:31.583501,1496.66,5.61,[]
U0441,49,F,Hyderabad,['Telugu'],2024-02-18 02:06:31.583504,5777.01,27.12,[]
U0442,42,F,Bangalore,['Tamil'],2023-11-16 02:06:31.583506,4449.59,14.22,[]
U0443,57,F,Hyderabad,['Malayalam'],2024-01-11 02:06:31.583508,1113.19,4.66,[]
U0444,62,F,Kolkata,['Hindi'],2024-06-01 02:06:31.583511,792.05,2.38,[]
U0445,18,F,Delhi,['Hindi'],2024-06-14 02:06:31.583513,1838.77,5.66,[]
U0446,33,F,Kolkata,['Telugu'],2023-11-02 02:06:31.583516,4560.83,36.2,[]
U0447,56,F,Delhi,"['Hindi', 'English']",2023-03-31 02:06:31.583518,9669.24,40.8,[]
U0448,22,F,Mumbai,"['Hindi', 'English']",2023-11-11 02:06:31.583520,4326.42,26.06,[]
U0449,39,F,Chennai,['Hindi'],2024-04-29 02:06:31.583522,5797.35,27.22,[]
U0450,46,M,Kolkata,['Hindi'],2024-02-09 02:06:31.583525,2771.94,26.4,[]
U0451,20,F,Hyderabad,"['Hindi', 'English']",2022-10-08 02:06:31.583527,5412.85,17.13,[]
U0452,29,F,Mumbai,['English'],2024-06-25 02:06:31.583530,4603.28,26.92,[]
U0453,43,M,Chennai,"['Hindi', 'English']",2022-12-12 02:06:31.583532,1419.56,5.34,[]
U0454,33,F,Hyderabad,['Tamil'],2024-11-08 02:06:31.583534,2408.82,44.61,[]
U0455,54,M,Bangalore,['English'],2023-06-06 02:06:31.583536,4900.47,15.36,[]
U0456,39,M,Hyderabad,['Tamil'],2024-09-18 02:06:31.583539,141.45,1.47,[]
U0457,46,F,Delhi,['Hindi'],2023-10-13 02:06:31.583542,4952.02,17.75,[]
U0458,31,M,Delhi,['English'],2024-04-23 02:06:31.583545,587.64,4.0,[]
U0459,45,F,Bangalore,['Tamil'],2024-09-23 02:06:31.583547,2168.86,21.26,[]
U0460,22,F,Mumbai,['Tamil'],2022-12-26 02:06:31.583549,4955.09,15.93,[]
U0461,64,F,Chennai,['English'],2023-03-18 02:06:31.583551,878.37,22.52,[]
U0462,47,M,Hyderabad,['Telugu'],2024-03-26 02:06:31.583554,846.32,3.53,[]
U0463,63,M,Delhi,['Malayalam'],2025-04-06 02:06:31.583556,1546.33,4.39,[]
U0464,22,F,Mumbai,"['Hindi', 'English']",2024-06-29 02:06:31.583558,6751.2,37.3,[]
U0465,29,Other,Bangalore,['Kannada'],2023-04-19 02:06:31.583561,1.33,0.04,[]
U0466,33,F,Kolkata,['Tamil'],2024-01-22 02:06:31.583563,6949.54,31.02,[]
U0467,43,M,Delhi,"['Hindi', 'English']",2023-05-29 02:06:31.583565,501.02,1.61,[]
U0468,43,F,Bangalore,['Malayalam'],2022-10-28 02:06:31.583568,13841.54,97.48,[]
U0469,38,F,Hyderabad,['Kannada'],2023-02-10 02:06:31.583570,9293.1,30.98,[]
U0470,56,F,Chennai,"['Hindi', 'English']",2024-04-25 02:06:31.583573,2047.66,10.66,[]
U0471,53,M,Delhi,['Hindi'],2024-04-20 02:06:31.583575,2156.75,16.1,[]
U0472,50,F,Delhi,['Kannada'],2023-07-11 02:06:31.583577,1970.73,9.38,[]
U0473,47,F,Hyderabad,['Malayalam'],2023-03-01 02:06:31.583582,3027.22,41.47,[]
U0474,54,Other,Kolkata,"['Hindi', 'English']",2023-01-31 02:06:31.583584,285.31,0.92,[]
U0475,40,M,Mumbai,['Tamil'],2023-07-23 02:06:31.583587,99.49,0.49,[]
U0476,27,F,Chennai,['Kannada'],2024-12-16 02:06:31.583589,178.3,0.93,[]
U0477,22,Other,Delhi,['Hindi'],2023-12-30 02:06:31.583591,1762.93,10.43,[]
U0478,53,M,Chennai,['English'],2025-04-13 02:06:31.583594,967.02,6.01,[]
U0479,51,Other,Delhi,['Tamil'],2025-01-11 02:06:31.583596,2918.9,25.16,[]
U0480,48,F,Chennai,['Hindi'],2023-12-23 02:06:31.583598,14655.56,71.49,[]
U0481,27,M,Bangalore,['Hindi'],2023-09-24 02:06:31.583601,1464.86,6.91,[]
U0482,36,M,Delhi,['Kannada'],2024-06-15 02:06:31.583603,2558.83,16.2,[]
U0483,49,F,Chennai,"['Hindi', 'English']",2022-12-12 02:06:31.583605,1611.53,5.86,[]
U0484,18,M,Mumbai,['English'],2025-02-07 02:06:31.583608,5637.28,47.77,[]
U0485,22,F,Bangalore,['Tamil'],2022-12-07 02:06:31.583610,6975.61,73.43,[]
U0486,62,M,Bangalore,['Tamil'],2023-01-06 02:06:31.583612,6295.4,33.67,[]
U0487,21,F,Mumbai,"['Hindi', 'English']",2024-02-25 02:06:31.583615,10992.24,61.75,[]
U0488,33,M,Chennai,['English'],2025-02-07 02:06:31.583617,83.71,0.58,[]
U0489,41,F,Hyderabad,['Kannada'],2023-11-29 02:06:31.583619,5494.3,22.61,[]
U0490,33,Other,Mumbai,['Tamil'],2022-10-31 02:06:31.583622,4180.22,12.94,[]
U0491,19,Other,Chennai,['English'],2024-02-08 02:06:31.583624,779.01,2.76,[]
U0492,45,F,Mumbai,['Kannada'],2025-05-05 02:06:31.583626,9392.6,54.61,[]
U0493,49,M,Mumbai,['Kannada'],2023-05-12 02:06:31.583629,481.13,1.72,[]
U0494,44,F,Delhi,['Malayalam'],2024-12-24 02:06:31.583631,3414.09,10.31,[]
U0495,37,M,Chennai,['Tamil'],2024-03-27 02:06:31.583641,764.25,14.15,[]
U0496,41,M,Hyderabad,"['Hindi', 'English']",2022-12-11 02:06:31.583645,1693.63,5.53,[]
U0497,29,M,Delhi,['Telugu'],2023-07-20 02:06:31.583647,3809.91,38.48,[]
U0498,52,F,Mumbai,['Tamil'],2024-12-13 02:06:31.583649,2485.7,17.5,[]
U0499,50,F,Kolkata,['Malayalam'],2025-03-05 02:06:31.583651,1673.24,11.87,[]
U0500,50,F,Mumbai,['Hindi'],2024-01-26 02:06:31.583654,1185.08,3.57,[]
U0501,60,M,Mumbai,['Hindi'],2023-03-12 02:06:31.583656,5491.37,45.76,[]
U0502,54,M,Chennai,['Kannada'],2024-08-22 02:06:31.583659,465.8,9.91,[]
U0503,29,Other,Chennai,['Telugu'],2024-06-08 02:06:31.583661,1686.9,9.48,[]
U0504,20,M,Delhi,['Malayalam'],2023-08-21 02:06:31.583664,7022.65,27.43,[]
U0505,18,F,Hyderabad,['Tamil'],2023-06-11 02:06:31.583666,5609.48,23.08,[]
U0506,50,M,Delhi,['Hindi'],2024-04-08 02:06:31.583668,1537.19,8.54,[]
U0507,57,F,Bangalore,['Hindi'],2023-07-25 02:06:31.583671,4320.46,19.55,[]
U0508,27,F,Mumbai,['Tamil'],2025-02-27 02:06:31.583673,5197.54,75.33,[]
U0509,60,M,Kolkata,['Malayalam'],2022-12-30 02:06:31.583675,6591.63,24.32,[]
U0510,61,M,Mumbai,['English'],2024-06-18 02:06:31.583678,2359.12,14.13,[]
U0511,46,F,Mumbai,['Kannada'],2022-12-30 02:06:31.583680,686.21,3.28,[]
U0512,30,F,Delhi,['Tamil'],2023-06-30 02:06:31.583682,884.36,3.86,[]
U0513,29,M,Kolkata,['English'],2022-12-23 02:06:31.583685,1051.63,4.53,[]
U0514,48,Other,Kolkata,['Kannada'],2023-11-21 02:06:31.583687,2702.75,30.03,[]
U0515,63,M,Kolkata,['Telugu'],2024-04-26 02:06:31.583689,100.08,0.45,[]
U0516,19,M,Delhi,"['Hindi', 'English']",2024-06-30 02:06:31.583691,3032.15,89.18,[]
U0517,52,Other,Mumbai,['Kannada'],2023-08-18 02:06:31.583694,1359.34,5.11,[]
U0518,40,M,Delhi,['Telugu'],2023-05-16 02:06:31.583696,1049.7,5.0,[]
U0519,34,F,Chennai,"['Hindi', 'English']",2022-11-24 02:06:31.583698,6348.23,18.67,[]
U0520,43,M,Chennai,['Hindi'],2023-04-04 02:06:31.583701,1848.57,28.01,[]
U0521,25,M,Delhi,['Hindi'],2024-01-07 02:06:31.583704,299.64,3.53,[]
U0522,46,Other,Kolkata,['Hindi'],2022-12-09 02:06:31.583706,5259.0,19.77,[]
U0523,43,M,Mumbai,['Kannada'],2023-11-13 02:06:31.583709,146.44,0.65,[]
U0524,27,F,Delhi,['English'],2025-04-14 02:06:31.583711,3892.1,38.16,[]
U0525,43,M,Delhi,"['Hindi', 'English']",2023-08-27 02:06:31.583713,4460.42,50.69,[]
U0526,51,M,Delhi,['Hindi'],2025-03-11 02:06:31.583716,1304.38,4.85,[]
U0527,58,M,Bangalore,['Malayalam'],2024-09-22 02:06:31.583718,5225.27,168.56,[]
U0528,24,F,Chennai,['Tamil'],2023-08-13 02:06:31.583720,2174.9,10.02,[]
U0529,21,M,Kolkata,"['Hindi', 'English']",2023-06-20 02:06:31.583722,1866.91,5.56,[]
U0530,62,F,Hyderabad,"['Hindi', 'English']",2022-10-20 02:06:31.583725,139.4,2.36,[]
U0531,28,F,Kolkata,['English'],2024-07-30 02:06:31.583727,1027.59,3.47,[]
U0532,46,Other,Hyderabad,['Telugu'],2024-09-30 02:06:31.583729,8021.38,58.55,[]
U0533,53,M,Bangalore,['English'],2023-04-17 02:06:31.583732,1491.87,4.13,[]
U0534,42,F,Delhi,['Hindi'],2025-02-17 02:06:31.583734,2373.61,19.95,[]
U0535,38,F,Bangalore,['Tamil'],2024-03-02 02:06:31.583736,2278.0,9.74,[]
U0536,53,F,Bangalore,['Tamil'],2025-02-09 02:06:31.583739,2677.95,10.75,[]
U0537,27,F,Mumbai,['Malayalam'],2023-04-03 02:06:31.583741,189.88,1.54,[]
U0538,54,F,Chennai,['Malayalam'],2023-08-11 02:06:31.583743,1349.08,10.22,[]
U0539,26,F,Hyderabad,['Hindi'],2023-05-31 02:06:31.583746,3852.6,15.29,[]
U0540,41,M,Delhi,['Tamil'],2022-12-09 02:06:31.583748,671.53,3.12,[]
U0541,52,M,Hyderabad,['English'],2025-02-07 02:06:31.583750,682.88,3.21,[]
U0542,52,Other,Kolkata,['Kannada'],2024-02-21 02:06:31.583752,30.43,0.16,[]
U0543,53,F,Hyderabad,['English'],2024-12-01 02:06:31.583755,1726.0,6.25,[]
U0544,35,F,Kolkata,['Kannada'],2023-06-10 02:06:31.583757,6429.94,107.17,[]
U0545,56,F,Chennai,['Hindi'],2024-07-18 02:06:31.583759,159.89,1.97,[]
U0546,49,M,Kolkata,['Tamil'],2022-11-07 02:06:31.583762,636.31,6.06,[]
U0547,41,M,Hyderabad,['Malayalam'],2025-04-21 02:06:31.583764,1113.56,3.63,[]
U0548,40,F,Hyderabad,"['Hindi', 'English']",2025-04-03 02:06:31.583766,3947.23,57.21,[]
U0549,49,M,Kolkata,['Malayalam'],2024-06-22 02:06:31.583769,3070.26,23.62,[]
U0550,54,M,Bangalore,['Telugu'],2023-02-25 02:06:31.583771,1613.27,11.52,[]
U0551,29,F,Chennai,"['Hindi', 'English']",2025-03-24 02:06:31.583773,4269.73,12.2,[]
U0552,30,M,Mumbai,['Kannada'],2024-07-24 02:06:31.583776,2821.99,10.15,[]
U0553,40,F,Delhi,['English'],2024-05-18 02:06:31.583778,6791.27,30.87,[]
U0554,42,M,Hyderabad,['English'],2024-05-02 02:06:31.583780,5111.69,24.23,[]
U0555,52,F,Delhi,['Malayalam'],2024-03-05 02:06:31.583783,874.32,2.4,[]
U0556,58,M,Mumbai,['English'],2024-12-22 02:06:31.583785,950.05,3.99,[]
U0557,47,F,Delhi,['Malayalam'],2024-09-12 02:06:31.583787,401.82,7.88,[]
U0558,34,M,Mumbai,['Malayalam'],2023-11-24 02:06:31.583792,1232.78,6.32,[]
U0559,37,M,Kolkata,['English'],2024-03-25 02:06:31.583795,23078.52,180.3,[]
U0560,42,M,Bangalore,['Telugu'],2023-10-19 02:06:31.583797,1561.37,6.59,[]
U0561,39,F,Hyderabad,['Hindi'],2023-06-22 02:06:31.583799,747.26,20.2,[]
U0562,30,F,Mumbai,['English'],2023-03-01 02:06:31.583802,4312.55,19.69,[]
U0563,36,M,Delhi,['Kannada'],2024-11-17 02:06:31.583804,2345.75,11.5,[]
U0564,53,F,Hyderabad,['Tamil'],2024-11-27 02:06:31.583806,486.15,1.61,[]
U0565,29,F,Bangalore,['Malayalam'],2024-11-22 02:06:31.583809,1437.45,31.25,[]
U0566,58,F,Kolkata,['Telugu'],2025-03-01 02:06:31.583811,1605.71,13.49,[]
U0567,36,M,Hyderabad,['Malayalam'],2023-09-04 02:06:31.583813,4205.2,24.74,[]
U0568,29,F,Mumbai,['Kannada'],2022-12-11 02:06:31.583816,62.66,0.36,[]
U0569,26,M,Bangalore,['Malayalam'],2024-04-24 02:06:31.583818,940.11,4.82,[]
U0570,24,M,Delhi,['Kannada'],2023-08-25 02:06:31.583820,2186.92,20.44,[]
U0571,45,Other,Bangalore,['Malayalam'],2023-06-21 02:06:31.583823,939.4,3.23,[]
U0572,31,M,Bangalore,['English'],2024-09-16 02:06:31.583825,2970.09,15.47,[]
U0573,48,F,Chennai,['Tamil'],2023-12-28 02:06:31.583827,1972.57,45.87,[]
U0574,36,F,Bangalore,['English'],2022-10-29 02:06:31.583830,1346.89,5.03,[]
U0575,64,F,Bangalore,['Malayalam'],2023-10-01 02:06:31.583832,8940.09,88.52,[]
U0576,33,F,Hyderabad,['Kannada'],2024-12-25 02:06:31.583834,3000.32,17.44,[]
U0577,22,M,Delhi,['Hindi'],2024-09-25 02:06:31.583837,417.58,1.23,[]
U0578,52,M,Hyderabad,['Telugu'],2024-02-03 02:06:31.583839,2463.57,7.9,[]
U0579,29,F,Hyderabad,['Malayalam'],2023-08-06 02:06:31.583841,4552.38,15.28,[]
U0580,42,M,Mumbai,['Hindi'],2024-09-02 02:06:31.583844,3698.04,13.7,[]
U0581,38,M,Hyderabad,['Malayalam'],2024-02-05 02:06:31.583846,566.55,2.07,[]
U0582,53,M,Chennai,['Telugu'],2024-09-01 02:06:31.583848,10771.99,56.1,[]
U0583,40,M,Chennai,['English'],2023-07-08 02:06:31.583851,1787.05,20.08,[]
U0584,33,M,Mumbai,['English'],2025-05-11 02:06:31.583853,519.58,14.85,[]
U0585,56,M,Kolkata,['Malayalam'],2022-11-12 02:06:31.583855,596.07,2.64,[]
U0586,62,F,Delhi,['Telugu'],2023-02-17 02:06:31.583857,310.2,3.57,[]
U0587,59,F,Delhi,['Tamil'],2024-01-30 02:06:31.583860,4881.56,14.62,[]
U0588,56,F,Hyderabad,['Tamil'],2022-11-10 02:06:31.583862,390.43,1.59,[]
U0589,31,M,Hyderabad,['Malayalam'],2024-07-30 02:06:31.583865,401.02,7.29,[]
U0590,48,M,Kolkata,['Malayalam'],2023-06-27 02:06:31.583867,5700.81,17.17,[]
U0591,22,M,Hyderabad,['Malayalam'],2023-11-08 02:06:31.583869,1267.55,37.28,[]
U0592,52,F,Delhi,['English'],2024-12-10 02:06:31.583872,94.03,1.92,[]
U0593,40,F,Bangalore,['English'],2025-03-06 02:06:31.583875,159.87,0.7,[]
U0594,46,M,Chennai,['Hindi'],2024-02-23 02:06:31.583877,460.05,5.23,[]
U0595,60,Other,Bangalore,['Kannada'],2022-09-26 02:06:31.583879,720.08,2.66,[]
U0596,28,M,Bangalore,['English'],2024-06-01 02:06:31.583882,3282.18,18.76,[]
U0597,35,F,Delhi,['Telugu'],2023-09-27 02:06:31.583884,513.53,1.7,[]
U0598,64,F,Bangalore,['Tamil'],2024-07-18 02:06:31.583887,379.67,1.37,[]
U0599,29,F,Kolkata,['Tamil'],2023-08-05 02:06:31.583889,4340.93,100.95,[]
U0600,26,F,Mumbai,['Malayalam'],2024-03-12 02:06:31.583891,3335.6,79.42,[]
U0601,27,F,Hyderabad,['Hindi'],2023-06-14 02:06:31.583893,1714.51,23.49,[]
U0602,61,M,Mumbai,['Malayalam'],2024-09-06 02:06:31.583896,2390.93,49.81,[]
U0603,34,F,Chennai,['Tamil'],2024-02-08 02:06:31.583898,1121.83,12.19,[]
U0604,55,M,Hyderabad,['Tamil'],2023-01-06 02:06:31.583900,1976.24,7.37,[]
U0605,24,F,Bangalore,['Kannada'],2024-07-15 02:06:31.583903,2119.75,16.43,[]
U0606,63,F,Chennai,"['Hindi', 'English']",2024-10-29 02:06:31.583905,1469.33,7.65,[]
U0607,30,F,Hyderabad,['Telugu'],2024-04-22 02:06:31.583907,7111.7,47.1,[]
U0608,57,F,Kolkata,['Kannada'],2022-12-29 02:06:31.583910,48.58,0.67,[]
U0609,59,F,Kolkata,['Malayalam'],2024-01-12 02:06:31.583912,4572.14,13.21,[]
U0610,26,F,Kolkata,"['Hindi', 'English']",2025-01-31 02:06:31.583914,398.48,2.29,[]
U0611,44,F,Kolkata,['Tamil'],2024-09-20 02:06:31.583917,4791.75,13.46,[]
U0612,19,M,Bangalore,['Hindi'],2024-04-25 02:06:31.583919,2870.65,36.34,[]
U0613,22,M,Mumbai,['Hindi'],2023-10-13 02:06:31.583921,5559.85,59.15,[]
U0614,46,M,Hyderabad,['Tamil'],2024-05-18 02:06:31.583924,307.81,0.97,[]
U0615,54,M,Bangalore,['English'],2023-10-10 02:06:31.583926,2456.0,12.73,[]
U0616,55,F,Kolkata,"['Hindi', 'English']",2024-07-22 02:06:31.583928,2085.98,12.27,[]
U0617,36,M,Mumbai,['Tamil'],2023-06-04 02:06:31.583930,3674.5,10.71,[]
U0618,25,Other,Chennai,['Hindi'],2024-07-22 02:06:31.583933,2292.58,14.6,[]
U0619,62,M,Chennai,['Hindi'],2025-04-28 02:06:31.583935,2334.38,8.71,[]
U0620,18,M,Chennai,"['Hindi', 'English']",2023-01-22 02:06:31.583937,1684.23,4.77,[]
U0621,39,F,Kolkata,['Telugu'],2023-07-16 02:06:31.583940,1108.13,3.41,[]
U0622,34,F,Chennai,['Tamil'],2024-04-10 02:06:31.583942,1974.87,9.14,[]
U0623,24,F,Delhi,['Kannada'],2024-08-12 02:06:31.583945,378.36,1.6,[]
U0624,42,F,Hyderabad,['Malayalam'],2025-05-12 02:06:31.583947,9772.33,39.25,[]
U0625,62,F,Hyderabad,['Tamil'],2023-10-19 02:06:31.583949,3759.6,17.17,[]
U0626,21,M,Kolkata,['Telugu'],2022-12-17 02:06:31.583952,9139.0,29.2,[]
U0627,53,Other,Delhi,"['Hindi', 'English']",2023-06-18 02:06:31.583954,771.37,2.9,[]
U0628,23,Other,Bangalore,"['Hindi', 'English']",2023-03-16 02:06:31.583956,6344.36,28.45,[]
U0629,48,F,Bangalore,['Hindi'],2023-04-19 02:06:31.583959,4963.15,15.71,[]
U0630,36,M,Chennai,['Telugu'],2025-03-31 02:06:31.583961,3391.72,11.78,[]
U0631,61,F,Mumbai,"['Hindi', 'English']",2022-10-31 02:06:31.583963,2942.72,10.7,[]
U0632,56,M,Bangalore,['English'],2023-09-08 02:06:31.583966,1141.8,6.92,[]
U0633,44,M,Mumbai,['Tamil'],2023-04-18 02:06:31.583968,5085.16,16.46,[]
U0634,27,M,Hyderabad,['Hindi'],2023-12-29 02:06:31.583970,2088.55,6.96,[]
U0635,43,F,Mumbai,['Kannada'],2023-01-19 02:06:31.583973,220.59,1.1,[]
U0636,36,F,Hyderabad,['Telugu'],2022-11-07 02:06:31.583975,1125.67,5.99,[]
U0637,56,F,Delhi,['Hindi'],2022-11-08 02:06:31.583978,8213.85,35.71,[]
U0638,20,F,Delhi,"['Hindi', 'English']",2024-07-31 02:06:31.583980,5705.0,77.09,[]
U0639,62,M,Kolkata,['Malayalam'],2023-03-18 02:06:31.583982,12036.47,41.08,[]
U0640,30,M,Kolkata,"['Hindi', 'English']",2023-02-22 02:06:31.583985,2966.53,29.67,[]
U0641,45,M,Chennai,['Kannada'],2024-09-27 02:06:31.583987,853.1,6.46,[]
U0642,37,Other,Bangalore,['Kannada'],2023-09-07 02:06:31.583989,533.13,3.46,[]
U0643,45,M,Chennai,['Kannada'],2023-02-19 02:06:31.583994,620.76,1.82,[]
U0644,25,F,Hyderabad,['Kannada'],2024-05-25 02:06:31.583996,59.98,0.19,[]
U0645,58,F,Chennai,['Kannada'],2024-10-08 02:06:31.583999,1486.25,5.74,[]
U0646,56,M,Mumbai,['English'],2023-08-08 02:06:31.584001,637.46,3.64,[]
U0647,18,F,Hyderabad,['Tamil'],2024-11-07 02:06:31.584003,1591.33,7.04,[]
U0648,20,F,Kolkata,['Telugu'],2023-08-24 02:06:31.584006,8199.85,32.8,[]
U0649,30,F,Delhi,['Hindi'],2024-09-06 02:06:31.584008,1689.2,18.98,[]
U0650,45,Other,Kolkata,['Kannada'],2023-06-26 02:06:31.584010,6310.82,49.69,[]
U0651,42,M,Bangalore,['Tamil'],2023-04-08 02:06:31.584013,2790.44,13.95,[]
U0652,50,M,Hyderabad,"['Hindi', 'English']",2023-05-13 02:06:31.584015,851.59,4.22,[]
U0653,55,F,Hyderabad,['Tamil'],2023-03-27 02:06:31.584017,1319.49,7.33,[]
U0654,23,Other,Mumbai,['Kannada'],2023-07-15 02:06:31.584020,262.95,1.74,[]
U0655,61,M,Bangalore,['Malayalam'],2023-06-23 02:06:31.584022,1216.98,8.88,[]
U0656,62,F,Delhi,['Hindi'],2023-01-13 02:06:31.584024,3395.34,102.89,[]
U0657,49,F,Hyderabad,['Kannada'],2024-12-31 02:06:31.584027,224.53,1.84,[]
U0658,62,F,Hyderabad,['Tamil'],2023-08-16 02:06:31.584029,689.75,19.71,[]
U0659,64,M,Mumbai,"['Hindi', 'English']",2025-02-10 02:06:31.584031,1441.09,4.55,[]
U0660,38,F,Chennai,['Tamil'],2022-11-07 02:06:31.584033,12060.42,89.34,[]
U0661,33,Other,Delhi,['Kannada'],2023-08-17 02:06:31.584036,4609.42,26.34,[]
U0662,38,M,Kolkata,['Telugu'],2023-07-29 02:06:31.584038,3966.99,13.22,[]
U0663,28,M,Bangalore,['Tamil'],2025-04-10 02:06:31.584040,370.54,2.96,[]
U0664,54,Other,Hyderabad,['Telugu'],2024-07-08 02:06:31.584043,4555.99,17.66,[]
U0665,53,M,Hyderabad,['Kannada'],2023-03-05 02:06:31.584045,4615.1,19.98,[]
U0666,52,F,Kolkata,['Tamil'],2024-02-24 02:06:31.584047,2757.15,11.44,[]
U0667,36,F,Delhi,"['Hindi', 'English']",2025-04-16 02:06:31.584050,13926.06,397.89,[]
U0668,37,M,Chennai,['English'],2023-10-05 02:06:31.584052,1180.26,8.37,[]
U0669,35,F,Hyderabad,['English'],2024-05-12 02:06:31.584054,8504.54,24.16,[]
U0670,64,M,Delhi,['Telugu'],2023-05-02 02:06:31.584057,7385.84,54.71,[]
U0671,58,F,Kolkata,['Kannada'],2025-01-06 02:06:31.584059,34.64,0.21,[]
U0672,31,M,Mumbai,['Telugu'],2025-02-17 02:06:31.584061,1794.15,5.47,[]
U0673,32,F,Chennai,['Kannada'],2022-11-01 02:06:31.584065,11330.41,90.64,[]
U0674,48,M,Bangalore,['Kannada'],2024-07-22 02:06:31.584067,326.5,1.0,[]
U0675,18,M,Hyderabad,['English'],2024-06-20 02:06:31.584069,2380.79,9.8,[]
U0676,20,Other,Delhi,"['Hindi', 'English']",2023-04-16 02:06:31.584072,11583.63,36.2,[]
U0677,33,M,Mumbai,"['Hindi', 'English']",2024-03-21 02:06:31.584074,2432.38,47.69,[]
U0678,40,F,Bangalore,['Tamil'],2024-11-22 02:06:31.584076,631.48,2.84,[]
U0679,28,M,Delhi,['Telugu'],2024-10-27 02:06:31.584079,2618.14,14.63,[]
U0680,29,F,Delhi,"['Hindi', 'English']",2025-01-05 02:06:31.584081,686.13,2.49,[]
U0681,27,M,Bangalore,['Malayalam'],2023-03-07 02:06:31.584083,2200.06,7.43,[]
U0682,49,Other,Mumbai,['Hindi'],2023-11-15 02:06:31.584086,230.78,0.82,[]
U0683,33,F,Kolkata,['Tamil'],2022-12-05 02:06:31.584088,2790.28,87.2,[]
U0684,25,M,Mumbai,['Tamil'],2024-05-11 02:06:31.584090,2181.91,6.32,[]
U0685,55,M,Chennai,['English'],2023-11-24 02:06:31.584093,4043.08,38.51,[]
U0686,29,M,Hyderabad,['Telugu'],2023-12-24 02:06:31.584096,2988.44,25.76,[]
U0687,41,F,Bangalore,['Malayalam'],2022-10-28 02:06:31.584099,2392.9,8.0,[]
U0688,45,M,Kolkata,"['Hindi', 'English']",2024-08-14 02:06:31.584101,3511.41,13.82,[]
U0689,25,F,Bangalore,"['Hindi', 'English']",2023-01-21 02:06:31.584103,466.25,9.92,[]
U0690,45,M,Bangalore,['Kannada'],2024-12-03 02:06:31.584106,2714.27,19.11,[]
U0691,53,M,Mumbai,['Tamil'],2024-08-30 02:06:31.584108,566.63,2.02,[]
U0692,43,F,Hyderabad,['Telugu'],2022-10-28 02:06:31.584110,7791.76,29.74,[]
U0693,25,F,Chennai,['Telugu'],2023-01-27 02:06:31.584113,212.34,0.59,[]
U0694,45,M,Delhi,['Telugu'],2022-09-27 02:06:31.584115,1688.33,5.48,[]
U0695,45,M,Delhi,['Kannada'],2024-01-13 02:06:31.584117,3570.18,15.46,[]
U0696,54,M,Bangalore,['English'],2023-02-15 02:06:31.584120,1837.59,16.41,[]
U0697,58,F,Hyderabad,"['Hindi', 'English']",2024-07-22 02:06:31.584122,289.85,1.88,[]
U0698,53,F,Kolkata,['Telugu'],2023-04-17 02:06:31.584125,2418.13,11.85,[]
U0699,44,F,Mumbai,['Malayalam'],2022-12-11 02:06:31.584127,3078.58,31.41,[]
U0700,34,F,Hyderabad,['Malayalam'],2024-06-08 02:06:31.584129,3650.08,48.03,[]
U0701,26,F,Hyderabad,['Kannada'],2023-02-17 02:06:31.584132,1401.67,4.92,[]
U0702,50,F,Mumbai,['English'],2025-01-23 02:06:31.584134,2488.0,10.2,[]
U0703,37,F,Bangalore,['Kannada'],2024-01-27 02:06:31.584136,1797.26,30.46,[]
U0704,30,M,Hyderabad,['Hindi'],2025-03-04 02:06:31.584139,3344.74,10.79,[]
U0705,45,M,Delhi,['Tamil'],2024-12-27 02:06:31.584141,2628.02,9.88,[]
U0706,46,M,Mumbai,"['Hindi', 'English']",2023-04-09 02:06:31.584143,2238.1,8.08,[]
U0707,30,M,Kolkata,['Kannada'],2024-10-01 02:06:31.584146,861.14,15.95,[]
U0708,63,F,Chennai,['Kannada'],2022-12-22 02:06:31.584148,6.06,0.06,[]
U0709,52,Other,Bangalore,"['Hindi', 'English']",2023-06-28 02:06:31.584150,573.78,2.44,[]
U0710,23,M,Mumbai,['Tamil'],2023-05-10 02:06:31.584153,373.51,1.09,[]
U0711,35,M,Chennai,['Hindi'],2023-06-30 02:06:31.584155,1788.52,14.54,[]
U0712,22,F,Chennai,['Malayalam'],2024-04-09 02:06:31.584157,2842.25,18.22,[]
U0713,64,Other,Kolkata,['Malayalam'],2023-01-05 02:06:31.584159,718.91,13.31,[]
U0714,42,M,Hyderabad,['English'],2023-02-17 02:06:31.584162,8393.45,23.12,[]
U0715,19,F,Kolkata,['Kannada'],2023-10-28 02:06:31.584164,20.11,0.14,[]
U0716,27,M,Hyderabad,['Tamil'],2024-05-11 02:06:31.584166,4439.19,57.65,[]
U0717,47,M,Hyderabad,['English'],2025-02-17 02:06:31.584169,2944.13,11.55,[]
U0718,62,Other,Mumbai,['Malayalam'],2023-03-03 02:06:31.584171,1403.08,4.76,[]
U0719,22,Other,Mumbai,['English'],2024-04-11 02:06:31.584174,155.42,1.21,[]
U0720,50,M,Bangalore,['English'],2025-05-06 02:06:31.584176,2962.45,74.06,[]
U0721,18,Other,Hyderabad,['Hindi'],2024-08-23 02:06:31.584178,1461.39,12.82,[]
U0722,35,F,Chennai,['Hindi'],2023-11-18 02:06:31.584181,8259.16,33.99,[]
U0723,49,F,Delhi,['English'],2025-01-14 02:06:31.584183,2342.59,11.6,[]
U0724,64,F,Bangalore,['Telugu'],2024-02-10 02:06:31.584185,8422.86,35.39,[]
U0725,28,F,Mumbai,"['Hindi', 'English']",2024-05-08 02:06:31.584188,747.25,8.03,[]
U0726,38,F,Kolkata,['Malayalam'],2023-07-02 02:06:31.584190,3880.88,13.52,[]
U0727,43,F,Bangalore,['Malayalam'],2023-04-15 02:06:31.584201,2881.11,7.98,[]
U0728,42,M,Bangalore,['Hindi'],2023-07-02 02:06:31.584203,4034.4,26.9,[]
U0729,39,M,Bangalore,['Telugu'],2024-08-25 02:06:31.584208,724.95,2.22,[]
U0730,44,M,Bangalore,['Telugu'],2023-09-30 02:06:31.584211,3280.83,39.53,[]
U0731,30,F,Delhi,['Kannada'],2024-04-25 02:06:31.584213,2067.71,5.74,[]
U0732,50,M,Kolkata,"['Hindi', 'English']",2023-01-29 02:06:31.584215,4074.0,13.53,[]
U0733,51,F,Kolkata,['English'],2023-08-06 02:06:31.584218,1188.23,4.4,[]
U0734,58,Other,Kolkata,['Kannada'],2022-10-01 02:06:31.584220,6623.38,24.35,[]
U0735,52,M,Hyderabad,['Kannada'],2024-05-05 02:06:31.584222,264.2,5.62,[]
U0736,18,F,Chennai,['Telugu'],2025-01-30 02:06:31.584225,4938.14,22.86,[]
U0737,38,M,Kolkata,['Telugu'],2023-06-29 02:06:31.584227,5926.75,34.26,[]
U0738,23,F,Bangalore,['Telugu'],2024-09-23 02:06:31.584229,5098.95,17.52,[]
U0739,45,M,Bangalore,['English'],2024-01-24 02:06:31.584232,2156.79,8.05,[]
U0740,34,F,Kolkata,['English'],2025-04-25 02:06:31.584234,1730.82,5.2,[]
U0741,22,F,Kolkata,['Kannada'],2023-08-25 02:06:31.584236,16767.84,51.28,[]
U0742,48,Other,Bangalore,['Kannada'],2022-11-27 02:06:31.584239,780.87,7.44,[]
U0743,22,F,Hyderabad,['Hindi'],2022-09-28 02:06:31.584241,2374.77,10.94,[]
U0744,55,F,Mumbai,['Malayalam'],2023-10-24 02:06:31.584243,3332.14,9.2,[]
U0745,20,F,Mumbai,['Malayalam'],2024-06-19 02:06:31.584245,3620.61,13.17,[]
U0746,40,F,Kolkata,['Malayalam'],2022-10-26 02:06:31.584248,684.56,4.31,[]
U0747,54,F,Delhi,['Hindi'],2023-09-04 02:06:31.584250,3183.9,9.26,[]
U0748,54,M,Kolkata,['Malayalam'],2024-10-06 02:06:31.584252,5117.34,16.4,[]
U0749,27,Other,Kolkata,['Telugu'],2023-07-27 02:06:31.584255,153.94,1.43,[]
U0750,27,F,Mumbai,['English'],2025-03-17 02:06:31.584257,7274.98,72.03,[]
U0751,36,F,Bangalore,['English'],2023-08-09 02:06:31.584259,89.84,0.31,[]
U0752,34,M,Kolkata,['Malayalam'],2023-01-28 02:06:31.584262,1320.03,6.0,[]
U0753,38,F,Bangalore,['Kannada'],2024-01-31 02:06:31.584264,47.82,0.52,[]
U0754,31,M,Bangalore,"['Hindi', 'English']",2022-11-01 02:06:31.584266,240.85,5.87,[]
U0755,26,F,Delhi,['Telugu'],2023-06-03 02:06:31.584268,7263.03,42.72,[]
U0756,63,M,Bangalore,['Hindi'],2024-07-15 02:06:31.584271,1314.87,4.65,[]
U0757,18,F,Mumbai,"['Hindi', 'English']",2023-07-26 02:06:31.584273,1658.96,23.04,[]
U0758,62,Other,Hyderabad,['English'],2024-03-28 02:06:31.584275,727.53,15.82,[]
U0759,30,M,Hyderabad,['Malayalam'],2025-01-21 02:06:31.584278,2727.17,29.64,[]
U0760,21,Other,Chennai,['Hindi'],2024-12-28 02:06:31.584280,2710.15,9.61,[]
U0761,18,M,Kolkata,['Telugu'],2025-04-04 02:06:31.584283,1396.6,4.35,[]
U0762,57,F,Mumbai,['English'],2022-09-25 02:06:31.584286,1215.05,32.84,[]
U0763,49,F,Bangalore,['Malayalam'],2025-04-12 02:06:31.584288,6487.54,18.33,[]
U0764,51,F,Hyderabad,['Telugu'],2024-07-13 02:06:31.584290,1450.04,12.19,[]
U0765,45,F,Mumbai,['Kannada'],2024-01-02 02:06:31.584292,2040.7,8.61,[]
U0766,48,F,Hyderabad,"['Hindi', 'English']",2025-01-22 02:06:31.584295,999.31,3.11,[]
U0767,25,M,Bangalore,"['Hindi', 'English']",2025-02-10 02:06:31.584297,4636.14,14.81,[]
U0768,56,M,Hyderabad,"['Hindi', 'English']",2024-09-22 02:06:31.584300,1519.74,10.34,[]
U0769,43,F,Kolkata,['Tamil'],2022-11-24 02:06:31.584302,2162.24,10.6,[]
U0770,51,F,Kolkata,['Malayalam'],2023-11-17 02:06:31.584304,876.51,8.35,[]
U0771,20,F,Chennai,['Telugu'],2025-01-02 02:06:31.584307,13184.63,101.42,[]
U0772,29,F,Chennai,"['Hindi', 'English']",2024-04-18 02:06:31.584309,1033.8,5.74,[]
U0773,18,M,Hyderabad,['Malayalam'],2024-02-11 02:06:31.584311,4418.73,14.78,[]
U0774,61,F,Mumbai,['Kannada'],2024-05-06 02:06:31.584314,1673.2,16.73,[]
U0775,22,M,Kolkata,"['Hindi', 'English']",2023-07-04 02:06:31.584316,692.84,3.32,[]
U0776,47,F,Mumbai,['Telugu'],2023-04-21 02:06:31.584318,4824.1,31.53,[]
U0777,47,M,Mumbai,['Malayalam'],2023-06-07 02:06:31.584321,1217.63,3.78,[]
U0778,34,M,Hyderabad,"['Hindi', 'English']",2022-09-25 02:06:31.584323,6011.74,19.15,[]
U0779,64,M,Mumbai,['Telugu'],2023-11-14 02:06:31.584325,7404.4,33.06,[]
U0780,40,M,Kolkata,['English'],2024-03-17 02:06:31.584328,5894.57,22.94,[]
U0781,32,F,Bangalore,['Kannada'],2023-09-27 02:06:31.584330,106.91,0.35,[]
U0782,54,M,Chennai,['Malayalam'],2023-04-21 02:06:31.584332,4644.65,34.4,[]
U0783,38,M,Bangalore,['Telugu'],2023-05-07 02:06:31.584335,1589.72,31.79,[]
U0784,31,M,Mumbai,['Telugu'],2024-12-13 02:06:31.584337,6207.83,66.75,[]
U0785,19,M,Bangalore,['Tamil'],2022-11-26 02:06:31.584339,3047.95,15.71,[]
U0786,28,M,Kolkata,['Malayalam'],2024-03-22 02:06:31.584342,5380.86,96.09,[]
U0787,56,M,Kolkata,['English'],2023-07-20 02:06:31.584344,2076.03,6.11,[]
U0788,55,F,Mumbai,['Malayalam'],2025-02-08 02:06:31.584346,2297.32,7.32,[]
U0789,51,F,Hyderabad,['Kannada'],2023-01-18 02:06:31.584349,467.81,2.64,[]
U0790,55,F,Bangalore,['Tamil'],2024-01-05 02:06:31.584351,4597.26,14.83,[]
U0791,51,F,Hyderabad,['Malayalam'],2023-08-29 02:06:31.584353,1631.03,4.59,[]
U0792,35,M,Hyderabad,['Malayalam'],2024-03-29 02:06:31.584356,2079.92,5.98,[]
U0793,47,F,Delhi,"['Hindi', 'English']",2022-10-02 02:06:31.584358,4612.72,23.9,[]
U0794,32,F,Mumbai,['Telugu'],2024-08-07 02:06:31.584360,2740.23,10.83,[]
U0795,44,F,Chennai,['Kannada'],2025-04-17 02:06:31.584363,673.55,2.24,[]
U0796,51,M,Kolkata,['English'],2023-06-14 02:06:31.584365,2676.5,15.29,[]
U0797,55,M,Kolkata,['Tamil'],2024-05-06 02:06:31.584367,1570.89,26.63,[]
U0798,50,M,Mumbai,['Telugu'],2024-10-10 02:06:31.584370,1901.95,25.7,[]
U0799,41,M,Chennai,['Hindi'],2024-02-21 02:06:31.584372,86.16,0.28,[]
U0800,32,F,Kolkata,['Kannada'],2024-02-20 02:06:31.584375,707.28,11.23,[]
U0801,47,F,Mumbai,['Tamil'],2024-09-21 02:06:31.584377,989.84,5.82,[]
U0802,59,F,Kolkata,['English'],2022-12-27 02:06:31.584379,3744.4,10.79,[]
U0803,34,F,Hyderabad,['Tamil'],2024-05-14 02:06:31.584382,34.68,0.14,[]
U0804,22,F,Bangalore,['Tamil'],2025-02-08 02:06:31.584384,1576.69,30.92,[]
U0805,46,F,Bangalore,['Tamil'],2023-06-18 02:06:31.584386,7732.13,37.0,[]
U0806,21,Other,Kolkata,"['Hindi', 'English']",2024-05-09 02:06:31.584389,355.95,0.99,[]
U0807,27,M,Delhi,['Hindi'],2023-11-10 02:06:31.584391,2179.64,8.38,[]
U0808,34,M,Chennai,['English'],2022-11-09 02:06:31.584393,4632.67,69.14,[]
U0809,27,M,Chennai,['English'],2023-07-30 02:06:31.584396,8569.54,86.56,[]
U0810,34,F,Chennai,['English'],2024-05-18 02:06:31.584398,4120.45,28.42,[]
U0811,37,F,Hyderabad,['Telugu'],2025-03-19 02:06:31.584400,3824.96,14.27,[]
U0812,41,M,Chennai,['Kannada'],2024-04-08 02:06:31.584403,5254.53,14.44,[]
U0813,22,Other,Bangalore,['English'],2024-08-11 02:06:31.584407,1772.86,10.02,[]
U0814,51,M,Hyderabad,['Kannada'],2024-11-07 02:06:31.584410,4917.29,129.4,[]
U0815,23,Other,Mumbai,['English'],2025-01-15 02:06:31.584412,23.99,0.08,[]
U0816,19,M,Chennai,['Hindi'],2023-01-03 02:06:31.584414,7753.29,98.14,[]
U0817,30,M,Chennai,['Telugu'],2023-01-28 02:06:31.584417,1757.22,51.68,[]
U0818,60,F,Mumbai,['Telugu'],2024-02-10 02:06:31.584419,2418.14,15.6,[]
U0819,60,M,Chennai,['Tamil'],2025-02-16 02:06:31.584422,882.64,8.49,[]
U0820,28,M,Mumbai,"['Hindi', 'English']",2023-07-12 02:06:31.584424,4070.57,20.98,[]
U0821,64,M,Hyderabad,['Telugu'],2024-10-15 02:06:31.584426,239.19,0.78,[]
U0822,40,F,Bangalore,['Telugu'],2023-08-02 02:06:31.584429,6182.11,17.51,[]
U0823,33,F,Mumbai,['Hindi'],2023-08-05 02:06:31.584431,5282.82,16.06,[]
U0824,48,M,Delhi,['English'],2023-09-17 02:06:31.584433,730.27,2.29,[]
U0825,28,F,Mumbai,['Malayalam'],2025-04-29 02:06:31.584435,4971.55,46.9,[]
U0826,33,F,Chennai,['Telugu'],2025-03-30 02:06:31.584438,4630.36,14.16,[]
U0827,25,M,Hyderabad,['Telugu'],2023-03-07 02:06:31.584440,3000.78,18.08,[]
U0828,21,M,Kolkata,['Malayalam'],2024-06-13 02:06:31.584442,1402.92,10.39,[]
U0829,57,M,Hyderabad,"['Hindi', 'English']",2024-09-13 02:06:31.584445,950.3,7.66,[]
U0830,21,M,Kolkata,['Kannada'],2025-01-12 02:06:31.584447,791.05,4.82,[]
U0831,42,F,Mumbai,['Hindi'],2023-03-07 02:06:31.584450,1150.86,11.86,[]
U0832,20,M,Bangalore,['Malayalam'],2023-10-20 02:06:31.584452,7016.45,39.87,[]
U0833,49,F,Delhi,['Malayalam'],2024-10-22 02:06:31.584454,242.46,1.29,[]
U0834,20,F,Hyderabad,"['Hindi', 'English']",2025-03-11 02:06:31.584457,5296.02,27.58,[]
U0835,44,M,Chennai,['Telugu'],2023-01-22 02:06:31.584459,1287.23,5.9,[]
U0836,46,F,Kolkata,['Telugu'],2023-03-29 02:06:31.584461,2211.92,17.84,[]
U0837,49,M,Chennai,['Hindi'],2023-10-31 02:06:31.584464,4746.72,22.6,[]
U0838,36,Other,Bangalore,['Tamil'],2024-10-20 02:06:31.584466,6472.25,20.42,[]
U0839,38,F,Kolkata,['Tamil'],2023-09-28 02:06:31.584468,1268.36,3.61,[]
U0840,22,F,Hyderabad,['Malayalam'],2024-10-11 02:06:31.584471,1858.82,8.61,[]
U0841,35,F,Mumbai,['Telugu'],2023-02-08 02:06:31.584473,1605.95,9.62,[]
U0842,45,M,Chennai,['Malayalam'],2022-12-12 02:06:31.584475,40.02,0.25,[]
U0843,59,F,Bangalore,['Malayalam'],2024-09-24 02:06:31.584478,1052.69,4.72,[]
U0844,39,Other,Hyderabad,['Telugu'],2024-06-18 02:06:31.584480,1844.06,5.35,[]
U0845,38,F,Hyderabad,"['Hindi', 'English']",2023-03-20 02:06:31.584482,1588.46,5.26,[]
U0846,23,F,Hyderabad,['Kannada'],2024-12-20 02:06:31.584484,3839.64,22.19,[]
U0847,18,F,Hyderabad,['Kannada'],2023-03-05 02:06:31.584487,1457.44,32.39,[]
U0848,22,M,Kolkata,"['Hindi', 'English']",2022-11-10 02:06:31.584489,2016.37,6.09,[]
U0849,58,M,Hyderabad,['Malayalam'],2023-09-18 02:06:31.584491,1684.3,6.15,[]
U0850,29,F,Chennai,"['Hindi', 'English']",2025-05-18 02:06:31.584494,4048.45,29.77,[]
U0851,43,M,Bangalore,['English'],2024-08-10 02:06:31.584496,5962.72,50.96,[]
U0852,63,F,Kolkata,['Telugu'],2022-12-23 02:06:31.584498,2277.15,14.41,[]
U0853,51,Other,Hyderabad,['English'],2024-12-23 02:06:31.584501,4673.84,141.63,[]
U0854,31,M,Delhi,['Tamil'],2025-01-07 02:06:31.584503,1056.28,2.97,[]
U0855,43,M,Delhi,['Telugu'],2023-11-14 02:06:31.584505,2338.53,6.98,[]
U0856,62,F,Bangalore,['Telugu'],2024-09-06 02:06:31.584508,1270.41,10.25,[]
U0857,44,M,Mumbai,['Hindi'],2023-02-23 02:06:31.584510,1604.34,6.74,[]
U0858,26,F,Mumbai,['Telugu'],2024-11-23 02:06:31.584512,3954.94,15.57,[]
U0859,43,M,Kolkata,['Tamil'],2025-01-28 02:06:31.584515,6402.64,18.29,[]
U0860,64,F,Kolkata,['Kannada'],2023-07-14 02:06:31.584517,388.6,5.11,[]
U0861,39,M,Kolkata,['Kannada'],2022-12-15 02:06:31.584523,3020.61,14.38,[]
U0862,64,F,Mumbai,['Malayalam'],2025-04-24 02:06:31.584526,2617.85,19.39,[]
U0863,47,F,Delhi,['Telugu'],2025-01-06 02:06:31.584528,378.1,1.66,[]
U0864,60,F,Mumbai,['Kannada'],2025-05-05 02:06:31.584530,714.37,5.29,[]
U0865,34,M,Chennai,['English'],2024-05-19 02:06:31.584533,1117.55,3.62,[]
U0866,43,F,Hyderabad,['Malayalam'],2023-03-04 02:06:31.584535,547.92,1.9,[]
U0867,53,F,Kolkata,['Telugu'],2023-03-05 02:06:31.584537,838.07,6.12,[]
U0868,18,M,Delhi,['English'],2024-09-19 02:06:31.584540,934.29,19.46,[]
U0869,25,M,Bangalore,"['Hindi', 'English']",2023-09-26 02:06:31.584542,1226.95,3.78,[]
U0870,52,M,Bangalore,"['Hindi', 'English']",2024-06-23 02:06:31.584544,4151.58,12.39,[]
U0871,32,F,Hyderabad,['Hindi'],2025-05-04 02:06:31.584547,2545.28,12.73,[]
U0872,64,F,Delhi,['Telugu'],2024-11-23 02:06:31.584549,12859.42,35.72,[]
U0873,39,F,Mumbai,"['Hindi', 'English']",2024-08-22 02:06:31.584551,1607.08,7.17,[]
U0874,31,M,Mumbai,"['Hindi', 'English']",2025-03-28 02:06:31.584553,4205.63,102.58,[]
U0875,43,M,Chennai,['Kannada'],2025-01-11 02:06:31.584556,6154.74,27.48,[]
U0876,45,F,Chennai,['Hindi'],2023-04-22 02:06:31.584558,3408.74,10.93,[]
U0877,40,F,Mumbai,['Hindi'],2024-03-15 02:06:31.584560,1592.39,7.55,[]
U0878,31,Other,Bangalore,['Kannada'],2023-11-29 02:06:31.584563,4202.33,12.58,[]
U0879,41,M,Kolkata,['Telugu'],2025-01-24 02:06:31.584565,683.21,3.95,[]
U0880,19,F,Bangalore,['English'],2023-04-18 02:06:31.584567,1190.49,3.45,[]
U0881,62,M,Chennai,['Malayalam'],2025-03-16 02:06:31.584570,2373.51,11.25,[]
U0882,43,M,Hyderabad,['Telugu'],2024-01-19 02:06:31.584572,2569.89,43.56,[]
U0883,31,F,Mumbai,['English'],2024-02-16 02:06:31.584574,67.17,0.59,[]
U0884,24,F,Chennai,['Hindi'],2023-03-16 02:06:31.584577,8707.5,44.65,[]
U0885,20,Other,Chennai,['Tamil'],2024-05-15 02:06:31.584579,3578.38,11.43,[]
U0886,64,M,Kolkata,['Telugu'],2023-12-12 02:06:31.584581,2053.77,6.63,[]
U0887,40,M,Mumbai,['Tamil'],2023-09-21 02:06:31.584584,8114.89,64.92,[]
U0888,63,F,Kolkata,['English'],2025-01-29 02:06:31.584586,1734.61,5.88,[]
U0889,60,F,Mumbai,['Telugu'],2024-02-13 02:06:31.584588,11802.13,36.09,[]
U0890,64,M,Kolkata,['Tamil'],2023-12-22 02:06:31.584591,2154.07,6.63,[]
U0891,62,M,Bangalore,['Tamil'],2024-10-06 02:06:31.584593,364.08,1.43,[]
U0892,35,M,Hyderabad,['Malayalam'],2022-09-25 02:06:31.584595,4341.97,11.99,[]
U0893,55,F,Hyderabad,['Telugu'],2023-08-30 02:06:31.584598,3407.99,48.0,[]
U0894,52,M,Mumbai,['Tamil'],2025-04-06 02:06:31.584600,4448.24,13.4,[]
U0895,32,M,Delhi,['Malayalam'],2023-05-07 02:06:31.584602,9074.99,33.0,[]
U0896,42,M,Chennai,['Malayalam'],2023-03-10 02:06:31.584605,4494.89,18.97,[]
U0897,54,M,Chennai,['Telugu'],2022-11-02 02:06:31.584607,2835.12,10.66,[]
U0898,45,M,Mumbai,['Tamil'],2022-12-15 02:06:31.584612,5841.22,114.53,[]
U0899,27,F,Kolkata,['Malayalam'],2023-07-16 02:06:31.584614,3355.65,15.68,[]
U0900,56,M,Delhi,['Hindi'],2023-12-04 02:06:31.584616,1573.35,5.81,[]
U0901,34,F,Bangalore,['Telugu'],2024-07-16 02:06:31.584619,6504.68,20.85,[]
U0902,56,M,Kolkata,['Hindi'],2024-02-06 02:06:31.584621,752.7,10.75,[]
U0903,39,F,Kolkata,['Kannada'],2023-08-01 02:06:31.584623,3762.02,19.7,[]
U0904,43,F,Mumbai,"['Hindi', 'English']",2025-04-19 02:06:31.584626,6400.13,33.86,[]
U0905,61,F,Mumbai,['Hindi'],2025-03-19 02:06:31.584628,3942.66,33.41,[]
U0906,42,F,Chennai,['Tamil'],2024-01-16 02:06:31.584630,3584.8,10.21,[]
U0907,34,M,Mumbai,['English'],2023-01-04 02:06:31.584633,4190.71,102.21,[]
U0908,30,M,Mumbai,['Kannada'],2024-04-04 02:06:31.584635,1876.78,18.4,[]
U0909,37,F,Mumbai,['Hindi'],2024-03-10 02:06:31.584638,6218.49,59.22,[]
U0910,42,Other,Chennai,['Malayalam'],2023-06-18 02:06:31.584640,682.35,2.97,[]
U0911,21,F,Bangalore,['Kannada'],2025-01-30 02:06:31.584642,408.79,10.48,[]
U0912,27,F,Bangalore,['Hindi'],2024-01-04 02:06:31.584645,1008.55,3.96,[]
U0913,20,F,Mumbai,['Malayalam'],2023-05-22 02:06:31.584647,2275.15,11.1,[]
U0914,58,F,Chennai,['Hindi'],2022-11-01 02:06:31.584649,2143.49,7.03,[]
U0915,62,M,Bangalore,['English'],2024-02-21 02:06:31.584651,5154.39,75.8,[]
U0916,35,F,Kolkata,['English'],2025-03-06 02:06:31.584654,1555.41,17.48,[]
U0917,64,Other,Bangalore,['Malayalam'],2022-11-12 02:06:31.584656,1986.95,20.92,[]
U0918,53,M,Bangalore,['Hindi'],2025-02-27 02:06:31.584658,40.37,0.12,[]
U0919,64,F,Chennai,"['Hindi', 'English']",2024-06-25 02:06:31.584661,1581.57,10.34,[]
U0920,39,M,Kolkata,['English'],2023-09-06 02:06:31.584663,3130.45,16.22,[]
U0921,51,F,Chennai,['English'],2024-12-20 02:06:31.584665,46.89,0.25,[]
U0922,64,M,Mumbai,['English'],2025-03-14 02:06:31.584668,989.19,11.5,[]
U0923,25,F,Hyderabad,['Telugu'],2025-01-11 02:06:31.584670,699.42,6.54,[]
U0924,57,F,Bangalore,['Kannada'],2024-08-12 02:06:31.584672,128.68,0.58,[]
U0925,61,M,Hyderabad,['Hindi'],2023-08-20 02:06:31.584675,1957.51,6.23,[]
U0926,36,F,Chennai,"['Hindi', 'English']",2023-08-11 02:06:31.584677,601.66,13.67,[]
U0927,59,F,Chennai,['English'],2023-09-29 02:06:31.584679,4076.99,99.44,[]
U0928,58,Other,Chennai,['Telugu'],2023-11-06 02:06:31.584681,5650.2,43.46,[]
U0929,54,M,Hyderabad,['Kannada'],2023-05-22 02:06:31.584684,2366.23,12.79,[]
U0930,23,M,Chennai,['Tamil'],2024-06-22 02:06:31.584686,12003.77,77.95,[]
U0931,43,M,Mumbai,['Malayalam'],2024-04-25 02:06:31.584688,1796.12,5.81,[]
U0932,51,Other,Chennai,['Tamil'],2023-09-17 02:06:31.584690,2160.74,15.54,[]
U0933,62,Other,Delhi,['English'],2023-11-24 02:06:31.584693,13589.56,37.44,[]
U0934,23,F,Hyderabad,"['Hindi', 'English']",2024-07-23 02:06:31.584695,790.13,4.52,[]
U0935,54,F,Delhi,"['Hindi', 'English']",2024-02-11 02:06:31.584697,8570.31,34.98,[]
U0936,50,F,Chennai,['Kannada'],2023-12-20 02:06:31.584700,131.35,0.69,[]
U0937,39,F,Mumbai,['Kannada'],2023-09-09 02:06:31.584702,1773.87,11.3,[]
U0938,38,M,Bangalore,['Hindi'],2024-03-06 02:06:31.584704,217.72,0.63,[]
U0939,23,F,Kolkata,['Malayalam'],2025-02-08 02:06:31.584707,3919.51,10.86,[]
U0940,23,M,Kolkata,['Malayalam'],2023-02-28 02:06:31.584709,2812.61,15.71,[]
U0941,21,F,Chennai,['English'],2023-06-02 02:06:31.584711,3679.01,56.6,[]
U0942,47,F,Mumbai,['Tamil'],2025-01-23 02:06:31.584714,1407.52,6.97,[]
U0943,28,F,Hyderabad,['Hindi'],2022-12-29 02:06:31.584716,1383.64,27.13,[]
U0944,47,M,Delhi,"['Hindi', 'English']",2023-07-20 02:06:31.584718,139.13,0.59,[]
U0945,48,M,Delhi,['Hindi'],2023-07-24 02:06:31.584721,1292.09,8.28,[]
U0946,41,M,Delhi,['Tamil'],2022-12-04 02:06:31.584723,7947.44,32.31,[]
U0947,26,M,Hyderabad,"['Hindi', 'English']",2023-03-25 02:06:31.584725,1430.37,11.44,[]
U0948,20,M,Kolkata,['Kannada'],2023-11-03 02:06:31.584727,5340.1,27.67,[]
U0949,48,Other,Mumbai,['Telugu'],2023-05-13 02:06:31.584730,5541.67,31.31,[]
U0950,57,F,Hyderabad,['Telugu'],2022-12-16 02:06:31.584732,1401.58,29.82,[]
U0951,54,M,Delhi,['Kannada'],2024-10-12 02:06:31.584734,2998.92,9.28,[]
U0952,53,M,Chennai,['English'],2024-03-06 02:06:31.584737,300.69,1.34,[]
U0953,41,M,Bangalore,['Hindi'],2024-02-13 02:06:31.584739,328.37,1.82,[]
U0954,48,F,Hyderabad,"['Hindi', 'English']",2022-11-23 02:06:31.584741,149.64,0.98,[]
U0955,23,F,Hyderabad,['Kannada'],2024-09-29 02:06:31.584744,2609.76,12.08,[]
U0956,19,Other,Mumbai,['Malayalam'],2024-03-23 02:06:31.584746,1665.75,9.36,[]
U0957,37,F,Mumbai,['Kannada'],2024-06-07 02:06:31.584748,2382.43,17.91,[]
U0958,45,Other,Hyderabad,['English'],2023-01-24 02:06:31.584751,2208.62,8.12,[]
U0959,28,F,Delhi,['Hindi'],2024-02-11 02:06:31.584753,1293.29,4.97,[]
U0960,21,M,Bangalore,['Kannada'],2024-04-07 02:06:31.584763,3394.71,14.45,[]
U0961,32,Other,Mumbai,['Malayalam'],2024-03-21 02:06:31.584766,4262.68,18.78,[]
U0962,23,M,Delhi,['Tamil'],2023-05-04 02:06:31.584768,44.21,0.38,[]
U0963,47,F,Chennai,['Malayalam'],2025-02-12 02:06:31.584770,696.71,4.07,[]
U0964,55,M,Mumbai,['Kannada'],2024-07-04 02:06:31.584773,3747.29,10.83,[]
U0965,19,F,Delhi,"['Hindi', 'English']",2024-03-09 02:06:31.584775,1466.31,6.43,[]
U0966,32,F,Delhi,['Malayalam'],2024-07-04 02:06:31.584778,3258.43,43.45,[]
U0967,28,F,Bangalore,['Hindi'],2023-07-09 02:06:31.584780,1278.36,4.03,[]
U0968,25,F,Bangalore,['Malayalam'],2024-09-01 02:06:31.584782,1486.61,33.79,[]
U0969,43,M,Chennai,"['Hindi', 'English']",2024-05-02 02:06:31.584784,518.35,7.1,[]
U0970,62,M,Delhi,['Malayalam'],2024-12-15 02:06:31.584787,896.15,4.53,[]
U0971,61,M,Kolkata,['Hindi'],2023-06-17 02:06:31.584789,2789.74,8.23,[]
U0972,22,M,Delhi,['Tamil'],2022-10-18 02:06:31.584792,1703.05,23.33,[]
U0973,23,F,Bangalore,"['Hindi', 'English']",2024-01-21 02:06:31.584798,4465.68,35.16,[]
U0974,43,M,Kolkata,['Telugu'],2025-03-13 02:06:31.584801,5743.51,19.81,[]
U0975,21,Other,Mumbai,['Kannada'],2025-02-16 02:06:31.584803,2340.34,16.96,[]
U0976,36,F,Mumbai,['Tamil'],2023-01-20 02:06:31.584805,4259.77,13.65,[]
U0977,37,F,Hyderabad,['Hindi'],2025-02-22 02:06:31.584808,1099.76,8.27,[]
U0978,50,M,Bangalore,"['Hindi', 'English']",2025-02-14 02:06:31.584810,1608.28,5.64,[]
U0979,37,F,Hyderabad,['Kannada'],2024-03-04 02:06:31.584812,3742.5,15.93,[]
U0980,29,Other,Kolkata,['Tamil'],2025-02-11 02:06:31.584815,1464.32,4.02,[]
U0981,64,F,Bangalore,['Hindi'],2023-04-19 02:06:31.584817,2663.87,37.0,[]
U0982,18,F,Chennai,['Malayalam'],2023-04-25 02:06:31.584819,615.07,2.24,[]
U0983,43,F,Delhi,['Telugu'],2024-05-04 02:06:31.584824,2747.16,8.69,[]
U0984,31,M,Chennai,['Malayalam'],2023-02-09 02:06:31.584827,5930.95,19.64,[]
U0985,55,F,Kolkata,['Telugu'],2025-01-07 02:06:31.584829,6089.43,54.37,[]
U0986,54,M,Bangalore,['Hindi'],2023-10-29 02:06:31.584831,3865.81,27.81,[]
U0987,28,M,Kolkata,['Telugu'],2025-03-20 02:06:31.584834,4108.35,18.76,[]
U0988,53,M,Delhi,['Tamil'],2023-09-28 02:06:31.584836,2448.84,7.73,[]
U0989,30,M,Mumbai,['Kannada'],2023-10-23 02:06:31.584839,2636.03,9.41,[]
U0990,60,M,Mumbai,['Malayalam'],2023-10-23 02:06:31.584841,430.4,1.79,[]
U0991,20,M,Kolkata,['Telugu'],2024-06-17 02:06:31.584843,1760.2,5.5,[]
U0992,50,Other,Hyderabad,['Kannada'],2023-07-04 02:06:31.584846,1797.75,11.1,[]
U0993,23,F,Bangalore,['English'],2025-01-15 02:06:31.584848,9546.03,41.5,[]
U0994,27,Other,Bangalore,['Telugu'],2024-03-26 02:06:31.584850,1692.08,5.39,[]
U0995,22,M,Mumbai,['English'],2024-05-23 02:06:31.584852,2391.14,6.74,[]
U0996,40,M,Chennai,['Kannada'],2022-12-08 02:06:31.584855,2285.89,18.43,[]
U0997,27,F,Delhi,"['Hindi', 'English']",2023-07-09 02:06:31.584857,3038.09,9.9,[]
U0998,61,M,Chennai,['Kannada'],2022-09-30 02:06:31.584859,4137.75,11.69,[]
U0999,19,M,Chennai,['Tamil'],2023-04-13 02:06:31.584862,764.84,3.08,[]
